﻿DEPARTAMENTO_CIRCUNSCRICAO;SECCIONAL_CIRCUNSCRICAO;MUNICIPIO_CIRCUNSCRICAO;DP_CIRCUNSCRICAO ;HD;Nº DE VÍT HD;ID_DELEGACIA;MÊS ESTATISTICA;ANO ESTATISTICA;DATAHORA_REGISTRO_BO;NUM_BO;ANO_BO;MUNICIPIO_ELABORACAO;DP_ELABORACAO;SEC_ELABORACAO;DEP_ELABORACAO;DATA_FATO;HORA_FATO;DESC_TIPOLOCAL;LOGRADOURO;NUMERO_LOGRADOURO;LATITUDE;LONGITUDE;TIPO_PESSOA;SEXO_PESSOA;IDADE_PESSOA;DATA_NASCIMENTO_PESSOA;COR_PELE;PROFISSAO;NATUREZA_APURADA;DESDOBRAMENTO
DECAP;8ª SEC;São Paulo;054 DP - Cidade Tiradentes;1;1;20249;1;2022;30/01/2022;778;2022;S.PAULO;49º D.P. SAO MATEUS;DEL.SEC.8º SAO MATEUS;DECAP;30/01/2022;09:31:00;Residência;DA VEDAÇÃO DA DIVULGAÇÃO DOS DADOS RELATIVOS ;;;;Vítima;Feminino;58;01/08/1963;Branca;NULL;HOMICÍDIO DOLOSO;Feminicídio-contra a mulher por razões da condição de sexo feminino
DECAP;7ª SEC;São Paulo;103 DP - Cohab Itaquera;1;1;10326;1;2022;04/01/2022;55;2022;S.PAULO;63º D.P. VILA JACUI;DEL.SEC.7º ITAQUERA;DECAP;04/01/2022;04:19:00;Residência;DA VEDAÇÃO DA DIVULGAÇÃO DOS DADOS RELATIVOS ;;;;Vítima;Feminino;77;22/06/1944;Branca;NULL;HOMICÍDIO DOLOSO;Feminicídio-contra a mulher por razões da condição de sexo feminino
DECAP;5ª SEC;São Paulo;018 DP - Alto da Moóca;1;1;20218;1;2022;10/01/2022;35;2022;S.PAULO;18º D.P. ALTO DA MOOCA;DEL.SEC.5º LESTE;DECAP;10/01/2022;PELA MANHÃ;Via pública;RUA MARINA CRESPI;91;-23,55511494;-46,60423485;Vítima;Feminino;51;07/06/1970;Parda;NULL;HOMICÍDIO DOLOSO;Feminicídio-contra a mulher por razões da condição de sexo feminino
DECAP;4ª SEC;São Paulo;074 DP - Jaraguá;1;1;20103;1;2022;04/01/2022;32;2022;S.PAULO;04ª DDM NORTE;DEL.SEC.4º NORTE;DECAP;03/01/2022;23:57:00;Residência;DA VEDAÇÃO DA DIVULGAÇÃO DOS DADOS RELATIVOS ;;;;Vítima;Feminino;47;28/01/1974;Parda;AUXILIAR DE LIMPEZA;HOMICÍDIO DOLOSO;Feminicídio-contra a mulher por razões da condição de sexo feminino
DEINTER 2;2ª Seccional Campinas;Campinas;009 DP - Campinas;;1;70367;1;2022;18/01/2022;57;2022;CAMPINAS;02ª DDM CAMPINAS;DEL.SEC.2º CAMPINAS;DEINTER 2 - CAMPINAS;18/01/2022;DE MADRUGADA;Residência;DA VEDAÇÃO DA DIVULGAÇÃO DOS DADOS RELATIVOS ;;;;Vítima;Feminino;3;13/11/2018;Branca;NULL;HOMICÍDIO DOLOSO;Feminicídio-contra a mulher por razões da condição de sexo feminino
DEINTER 2;2ª Seccional Campinas;Campinas;009 DP - Campinas;;1;70367;1;2022;18/01/2022;57;2022;CAMPINAS;02ª DDM CAMPINAS;DEL.SEC.2º CAMPINAS;DEINTER 2 - CAMPINAS;18/01/2022;DE MADRUGADA;Residência;DA VEDAÇÃO DA DIVULGAÇÃO DOS DADOS RELATIVOS ;;;;Vítima;Feminino;71;21/03/1950;Branca;NULL;HOMICÍDIO DOLOSO;Feminicídio-contra a mulher por razões da condição de sexo feminino
DEINTER 2;2ª Seccional Campinas;Campinas;009 DP - Campinas;1;1;70367;1;2022;18/01/2022;57;2022;CAMPINAS;02ª DDM CAMPINAS;DEL.SEC.2º CAMPINAS;DEINTER 2 - CAMPINAS;18/01/2022;DE MADRUGADA;Residência;DA VEDAÇÃO DA DIVULGAÇÃO DOS DADOS RELATIVOS ;;;;Vítima;Feminino;34;27/10/1987;Branca;NULL;HOMICÍDIO DOLOSO;Feminicídio-contra a mulher por razões da condição de sexo feminino
DEINTER 2;2ª Seccional Campinas;Campinas;006 DP - Campinas;1;1;900556;1;2022;18/01/2022;21;2022;CAMPINAS;1ª DIG-DEIC-DEINTER 2;DEL.SEC.1º CAMPINAS;DEINTER 2 - CAMPINAS;18/01/2022;DE MADRUGADA;Residência;DA VEDAÇÃO DA DIVULGAÇÃO DOS DADOS RELATIVOS ;;;;Vítima;Feminino;39;13/11/1982;Branca;CABELEIREIRO(A);HOMICÍDIO DOLOSO;Feminicídio-contra a mulher por razões da condição de sexo feminino
DEINTER 3;SEC Ribeirão Preto;Santa Rosa do Viterbo;DM - Sta. Rosa Viterbo;1;1;100422;1;2022;03/01/2022;8;2022;S.ROSA DE VITERBO;DEL.POL.S.ROSA DE VITERBO;DEL.SEC.RIBEIRAO PRETO;DEINTER 3 - RIBEIRAO PRETO;03/01/2022;21:45:00;Residência;DA VEDAÇÃO DA DIVULGAÇÃO DOS DADOS RELATIVOS ;;;;Vítima;Feminino;41;22/12/1980;Branca;MANICURE;HOMICÍDIO DOLOSO;Feminicídio-contra a mulher por razões da condição de sexo feminino
DEINTER 4;SEC Jaú;Dois Córregos;DM - Dois Córregos;1;1;60406;1;2022;04/01/2022;62;2022;DOIS CORREGOS;CPJ JAU;DEL.SEC.JAU;DEINTER 4 - BAURU;04/01/2022;04:04:00;Residência;DA VEDAÇÃO DA DIVULGAÇÃO DOS DADOS RELATIVOS ;;;;Vítima;Feminino;27;23/01/1994;Preta;PRENDAS DOMESTICAS;HOMICÍDIO DOLOSO;Feminicídio-contra a mulher por razões da condição de sexo feminino
DEINTER 5;SEC São José Rio Preto;São José do Rio Preto;001 DP - São José do Rio Preto;1;1;110429;1;2022;20/01/2022;509;2022;S.JOSE DO RIO PRETO;DEL.SEC.S.J RIO PRETO PLANTÃO;DEL.SEC.S.JOSE DO RIO PRETO;DEINTER 5 - SAO JOSE DO RIO PRETO;20/01/2022;17:43:00;Comércio e serviços;RUA CORONEL SPÍNOLA CASTRO;3143;-20,82350298;-49,39906635;Vítima;Feminino;35;12/09/1986;Branca;CONTROLADOR(A) DE QUALIDADE;HOMICÍDIO DOLOSO;Feminicídio-contra a mulher por razões da condição de sexo feminino
DEINTER 6;SEC Itanhaém;Peruíbe;DM - Peruíbe;1;1;40208;1;2022;01/01/2022;9;2022;PERUIBE;DEL.POL.PERUIBE;DEL.SEC.ITANHAEM;DEINTER 6 - SANTOS;01/01/2022;09:50:00;Via pública;AVENIDA PADRE ANCHIETA;2050;-24,27485727;-46,94095677;Vítima;Feminino;47;26/09/1974;Parda;NULL;HOMICÍDIO DOLOSO;Feminicídio-contra a mulher por razões da condição de sexo feminino
DEINTER 7;SEC Itapeva;Buri;DM - Buri;1;1;120400;1;2022;08/01/2022;99;2022;BURI;DEL.SEC.ITAPEVA PLANTÃO;DEL.SEC.ITAPEVA;DEINTER 7 - SOROCABA;08/01/2022;EM HORA INCERTA;Residência;DA VEDAÇÃO DA DIVULGAÇÃO DOS DADOS RELATIVOS ;;;;Vítima;Feminino;52;23/10/1969;Branca;NULL;HOMICÍDIO DOLOSO;Feminicídio-contra a mulher por razões da condição de sexo feminino
DEINTER 8;SEC Assis;Pedrinhas Paulista;DM - Pedrinhas Pta.;1;1;80125;1;2022;07/01/2022;1;2022;PEDRINHAS PAULISTA;DEL.POL.PEDRINHAS PAULISTA;DEL.SEC.ASSIS;DEINTER 8 - PRESIDENTE PRUDENTE;07/01/2022;15:00:00;Via pública;AVENIDA MONSENHOR ERNESTO MONTANGNER;596;-22,8199378;-50,7987683;Vítima;Feminino;40;03/02/1981;Branca;NULL;HOMICÍDIO DOLOSO;Feminicídio-contra a mulher por razões da condição de sexo feminino
DEINTER 9;SEC São João Boa Vista;Vargem Grande do Sul;DM - Vargem Grande do Sul;1;1;70700;1;2022;17/01/2022;167;2022;VARGEM GRANDE DO SUL;DEL.SEC.S.JOAO DA BOA VISTA;DEL.SEC.S.JOÃO DA BOA VISTA;DEINTER 9 - PIRACICABA;17/01/2022;19:13:00;Residência;DA VEDAÇÃO DA DIVULGAÇÃO DOS DADOS RELATIVOS ;;;;Vítima;Feminino;46;06/02/1975;Branca;NULL;HOMICÍDIO DOLOSO;Feminicídio-contra a mulher por razões da condição de sexo feminino
DEMACRO;SEC Taboão da Serra;Juquitiba;DM - Juquitiba;1;1;30409;1;2022;04/01/2022;10;2022;JUQUITIBA;DEL.POL.JUQUITIBA;DEL.SEC.TABOÃO DA SERRA;DEMACRO;04/01/2022;11:50:00;Unidade rural;ESTRADA MEIA LÉGUA;100;-23,90747607;-47,10690671;Vítima;Feminino;55;05/04/1966;Parda;NULL;HOMICÍDIO DOLOSO;Feminicídio-contra a mulher por razões da condição de sexo feminino
DEMACRO;SEC Osasco;Osasco;002 DP - Osasco;1;1;30412;1;2022;21/01/2022;96;2022;OSASCO;02º D.P. OSASCO;DEL.SEC.OSASCO;DEMACRO;14/01/2022;A NOITE;Residência;DA VEDAÇÃO DA DIVULGAÇÃO DOS DADOS RELATIVOS ;;;;Vítima;Feminino;19;25/06/2002;Ignorada;ESTUDANTE;HOMICÍDIO DOLOSO;Feminicídio-contra a mulher por razões da condição de sexo feminino
DEMACRO;SEC Guarulhos;Guarulhos;007 DP - Guarulhos;1;1;30217;1;2022;31/01/2022;408;2022;GUARULHOS;07º D.P. GUARULHOS;DEL.SEC.GUARULHOS;DEMACRO;31/01/2022;18:22:00;Residência;DA VEDAÇÃO DA DIVULGAÇÃO DOS DADOS RELATIVOS ;;;;Vítima;Feminino;37;09/09/1984;Preta;NULL;HOMICÍDIO DOLOSO;Feminicídio-contra a mulher por razões da condição de sexo feminino
DEMACRO;SEC Diadema;Diadema;001 DP - Diadema;1;1;30127;1;2022;15/01/2022;175;2022;DIADEMA;03º D.P. DIADEMA;DEL.SEC.DIADEMA;DEMACRO;15/01/2022;10:42:00;Comércio e serviços;RUA CAETÉS;367;-23,69435388;-46,61164102;Vítima;Feminino;39;13/11/1982;Branca;NULL;HOMICÍDIO DOLOSO;Feminicídio-contra a mulher por razões da condição de sexo feminino
DEMACRO;SEC Mogi das Cruzes;Itaquaquecetuba;DM - Itaquaquecetuba;1;1;30304;1;2022;30/01/2022;458;2022;ITAQUAQUECETUBA;DEL.POL.ITAQUAQUECETUBA;DEL.SEC.MOGI DAS CRUZES;DEMACRO;30/01/2022;03:40:00;Residência;DA VEDAÇÃO DA DIVULGAÇÃO DOS DADOS RELATIVOS ;;;;Vítima;Feminino;35;11/04/1986;Parda;NAO INFORMADA;HOMICÍDIO DOLOSO;Feminicídio-contra a mulher por razões da condição de sexo feminino
DECAP;6ª SEC;São Paulo;092 DP - Parque Santo Antônio;1;1;10247;2;2022;09/02/2022;1177;2022;S.PAULO;47º D.P. CAPAO REDONDO;DEL.SEC.6º SANTO AMARO;DECAP;09/02/2022;DE MADRUGADA;Residência;DA VEDAÇÃO DA DIVULGAÇÃO DOS DADOS RELATIVOS ;;;;Vítima;Feminino;26;25/07/1995;Branca;NULL;HOMICÍDIO DOLOSO;Feminicídio-contra a mulher por razões da condição de sexo feminino
DECAP;4ª SEC;São Paulo;073 DP - Jaçanã;1;1;10336;2;2022;20/02/2022;1291;2022;S.PAULO;73º D.P. JACANA;DEL.SEC.4º NORTE;DECAP;20/02/2022;09:56:00;Residência;DA VEDAÇÃO DA DIVULGAÇÃO DOS DADOS RELATIVOS ;;;;Vítima;Feminino;37;17/07/1984;Branca;NULL;HOMICÍDIO DOLOSO;Feminicídio-contra a mulher por razões da condição de sexo feminino
DEINTER 10;SEC Araçatuba;Penápolis;DM - Penapolis;1;1;50303;2;2022;17/02/2022;113;2022;PENAPOLIS;DDM PENAPOLIS;DEL.SEC.ARACATUBA;DEINTER 10 - ARAÇATUBA;14/02/2022;13:30:00;Residência;DA VEDAÇÃO DA DIVULGAÇÃO DOS DADOS RELATIVOS ;;;;Vítima;Feminino;1;06/11/2020;Branca;NULL;HOMICÍDIO DOLOSO;Feminicídio-contra a mulher por razões da condição de sexo feminino
DEINTER 3;SEC Bebedouro;Terra Roxa;DM - Terra Roxa;1;1;100912;2;2022;28/02/2022;488;2022;TERRA ROXA;DEL.POL.PLANTÃO BEBEDOURO;DEL.SEC.BEBEDOURO;DEINTER 3 - RIBEIRAO PRETO;27/02/2022;19:00:00;Restaurante e afins;RUA DOUTOR OSVALDO PRUDENTE CORRÊA;1;-20,78870501;-48,32968189;Vítima;Feminino;26;23/01/1996;Branca;NULL;HOMICÍDIO DOLOSO;Feminicídio-contra a mulher por razões da condição de sexo feminino
DEINTER 4;SEC Bauru;Ubirajara;DM - Ubirajara;1;1;60004;2;2022;07/02/2022;72;2022;UBIRAJARA;DEL.SEC.BAURU PL SUB-REG;DEL.SEC.BAURU;DEINTER 4 - BAURU;07/02/2022;04:55:00;Residência;DA VEDAÇÃO DA DIVULGAÇÃO DOS DADOS RELATIVOS ;;;;Vítima;Feminino;35;25/02/1986;Branca;MANICURE;HOMICÍDIO DOLOSO;Feminicídio-contra a mulher por razões da condição de sexo feminino
DEINTER 5;SEC São José Rio Preto;Palestina;DM - Palestina;1;1;110421;2;2022;09/02/2022;62;2022;PALESTINA;DEL.POL.PALESTINA;DEL.SEC.S.JOSE DO RIO PRETO;DEINTER 5 - SAO JOSE DO RIO PRETO;09/02/2022;PELA MANHÃ;Residência;DA VEDAÇÃO DA DIVULGAÇÃO DOS DADOS RELATIVOS ;;;;Vítima;Feminino;33;13/03/1988;Branca;COSTUREIRO(A);HOMICÍDIO DOLOSO;Feminicídio-contra a mulher por razões da condição de sexo feminino
DEINTER 6;SEC Praia Grande;São Vicente;003 DP - São Vicente;1;1;40217;2;2022;18/02/2022;389;2022;S.VICENTE;DEL.POL.S.VICENTE;DEL.SEC.PRAIA GRANDE;DEINTER 6 - SANTOS;18/02/2022;01:58:00;Residência;DA VEDAÇÃO DA DIVULGAÇÃO DOS DADOS RELATIVOS ;;;;Vítima;Feminino;46;24/07/1975;Branca;NAO INFORMADA;HOMICÍDIO DOLOSO;Feminicídio-contra a mulher por razões da condição de sexo feminino
DEINTER 7;SEC Sorocaba;Ibiúna;DM - Ibiúna;1;1;120505;2;2022;18/02/2022;400;2022;IBIUNA;DEL.POL.IBIÚNA;DEL.SEC.SOROCABA;DEINTER 7 - SOROCABA;16/02/2022;23:20:00;Saúde;AVENIDA GABRIEL MONTEIRO DA SILVA;888;-23,64950685;-47,21813055;Vítima;Feminino;34;23/12/1987;Branca;NULL;HOMICÍDIO DOLOSO;Feminicídio-contra a mulher por razões da condição de sexo feminino
DEINTER 8;SEC Dracena;Junqueirópolis;DM - Junqueirópolis;1;1;90622;2;2022;12/02/2022;455;2022;JUNQUEIROPOLIS;DEL.SEC.DRACENA PLANTÃO;DEL.SEC.DRACENA;DEINTER 8 - PRESIDENTE PRUDENTE;11/02/2022;23:48:00;Residência;DA VEDAÇÃO DA DIVULGAÇÃO DOS DADOS RELATIVOS ;;;;Vítima;Feminino;44;27/01/1978;Branca;NULL;HOMICÍDIO DOLOSO;Feminicídio-contra a mulher por razões da condição de sexo feminino
DEINTER 9;SEC Limeira;Limeira;002 DP - Limeira;1;1;70923;2;2022;22/02/2022;475;2022;LIMEIRA;DEL.SEC.LIMEIRA PLANTÃO;DEL.SEC.LIMEIRA;DEINTER 9 - PIRACICABA;22/02/2022;19:30:00;Residência;DA VEDAÇÃO DA DIVULGAÇÃO DOS DADOS RELATIVOS ;;;;Vítima;Feminino;42;23/11/1979;Branca;AUXILIAR DE PRODUCAO;HOMICÍDIO DOLOSO;Feminicídio-contra a mulher por razões da condição de sexo feminino
DEMACRO;SEC Mogi das Cruzes;Ferraz de Vasconcelos;DM - Ferraz de Vasconcelos;1;1;30302;2;2022;04/02/2022;345;2022;FERRAZ DE VASCONCELOS;DEL.POL.FERRAZ DE VASCONCELOS;DEL.SEC.MOGI DAS CRUZES;DEMACRO;04/02/2022;16:39:00;Residência;DA VEDAÇÃO DA DIVULGAÇÃO DOS DADOS RELATIVOS ;;;;Vítima;Feminino;27;22/04/1994;Parda;NAO INFORMADA;HOMICÍDIO DOLOSO;Feminicídio-contra a mulher por razões da condição de sexo feminino
DECAP;7ª SEC;São Paulo;024 DP - Ponte Rasa;1;1;20224;3;2022;18/03/2022;1432;2022;S.PAULO;24º D.P. PONTE RASA;DEL.SEC.7º ITAQUERA;DECAP;17/03/2022;00:30:00;Residência;DA VEDAÇÃO DA DIVULGAÇÃO DOS DADOS RELATIVOS ;;;;Vítima;Feminino;54;17/05/1967;Branca;APOSENTADO(A);HOMICÍDIO DOLOSO;Feminicídio-contra a mulher por razões da condição de sexo feminino
DEINTER 10;SEC Andradina;Mirandópolis;DM - Mirandópolis;1;1;50100;3;2022;13/03/2022;442;2022;MIRANDOPOLIS;DEL.SEC.ANDRADINA;DEL.SEC.ANDRADINA;DEINTER 10 - ARAÇATUBA;13/03/2022;16:00:00;Estabelecimento prisional;AVENIDA OSVALDO BRANDI DE FARIA;4450;NULL;NULL;Vítima;Feminino;31;04/02/1991;Branca;NULL;HOMICÍDIO DOLOSO;Feminicídio-contra a mulher por razões da condição de sexo feminino
DEINTER 2;SEC Bragança Paulista;Serra Negra;DM - Serra Negra;1;1;70112;3;2022;09/03/2022;474;2022;SERRA NEGRA;DEL.POL.SERRA NEGRA;DEL.SEC.BRAGANÇA PAULISTA;DEINTER 2 - CAMPINAS;08/03/2022;16:00:00;Area não ocupada;rua josé fonseca;1;-22,6126745;-46,699658;Encontro de Cadáver;Feminino;34;12/09/1987;Branca;NULL;HOMICÍDIO DOLOSO;Feminicídio-contra a mulher por razões da condição de sexo feminino
DEINTER 2;1ª Seccional Campinas;Campinas;010 DP - Campinas;1;1;120557;3;2022;15/03/2022;491;2022;CAMPINAS;PLANTÃO-DEF.MUL.CAMPINAS-2ªSEC;DEL.SEC.2º CAMPINAS;DEINTER 2 - CAMPINAS;15/03/2022;EM HORA INCERTA;Residência;DA VEDAÇÃO DA DIVULGAÇÃO DOS DADOS RELATIVOS ;;;;Vítima;Feminino;31;15/08/1990;Branca;ESTUDANTE;HOMICÍDIO DOLOSO;Feminicídio-contra a mulher por razões da condição de sexo feminino
DEINTER 3;SEC São Carlos;Porto Ferreira;DM - Porto Ferreira;1;1;100525;3;2022;10/03/2022;169;2022;PORTO FERREIRA;DEL.POL.PLANTÃO PORTO FERREIRA;DEL.SEC.SAO CARLOS;DEINTER 3 - RIBEIRAO PRETO;10/03/2022;18:30:00;Via pública;RUA DELMIRA TAVARES;63;-21,86175822;-47,48043912;Vítima;Feminino;63;04/01/1959;Branca;PROFESSOR(A);HOMICÍDIO DOLOSO;Feminicídio-contra a mulher por razões da condição de sexo feminino
DEINTER 3;SEC Araraquara;Matão;001 DP - Matao;1;1;100129;3;2022;23/03/2022;35;2022;MATAO;DDM MATAO;DEL.SEC.ARARAQUARA;DEINTER 3 - RIBEIRAO PRETO;23/03/2022;13:35:00;Residência;DA VEDAÇÃO DA DIVULGAÇÃO DOS DADOS RELATIVOS ;;;;Vítima;Feminino;41;04/08/1980;Parda;PRENDAS DOMESTICAS;HOMICÍDIO DOLOSO;Feminicídio-contra a mulher por razões da condição de sexo feminino
DEINTER 3;SEC Araraquara;Américo Brasiliense;DM - Américo Brasiliense;1;1;100908;3;2022;27/03/2022;1108;2022;AMERICO BRASILIENSE;DEL.SEC.ARARAQUARA PLANTÃO;DEL.SEC.ARARAQUARA;DEINTER 3 - RIBEIRAO PRETO;27/03/2022;06:16:00;Residência;DA VEDAÇÃO DA DIVULGAÇÃO DOS DADOS RELATIVOS ;;;;Vítima;Feminino;29;26/07/1992;Parda;EMBALADOR(A);HOMICÍDIO DOLOSO;Feminicídio-contra a mulher por razões da condição de sexo feminino
DEINTER 4;SEC Lins;Lins;003 DP - Lins;1;1;60405;3;2022;09/03/2022;1266;2022;LINS;CPJ LINS;DEL.SEC.LINS;DEINTER 4 - BAURU;09/03/2022;01:30:00;Residência;DA VEDAÇÃO DA DIVULGAÇÃO DOS DADOS RELATIVOS ;;;;Vítima;Feminino;21;14/11/2000;Branca;NULL;HOMICÍDIO DOLOSO;Feminicídio-contra a mulher por razões da condição de sexo feminino
DEINTER 5;SEC São José Rio Preto;São José do Rio Preto;004 DP - São José do Rio Preto;1;1;110429;3;2022;26/03/2022;2440;2022;S.JOSE DO RIO PRETO;DEL.SEC.S.J RIO PRETO PLANTÃO;DEL.SEC.S.JOSE DO RIO PRETO;DEINTER 5 - SAO JOSE DO RIO PRETO;26/03/2022;10:45:00;Residência;DA VEDAÇÃO DA DIVULGAÇÃO DOS DADOS RELATIVOS ;;;;Vítima;Feminino;45;06/08/1976;Branca;PRENDAS DOMESTICAS;HOMICÍDIO DOLOSO;Feminicídio-contra a mulher por razões da condição de sexo feminino
DEINTER 5;SEC São José Rio Preto;Monte Aprazível;DM - Monte Aprazível;1;1;110413;3;2022;18/03/2022;942;2022;MONTE APRAZIVEL;DEL.POL.MIRASSOL;DEL.SEC.S.JOSE DO RIO PRETO;DEINTER 5 - SAO JOSE DO RIO PRETO;17/03/2022;23:30:00;Via pública;RUA CONSTANTINO DE CARVALHO;1048;-20,7781563;-49,69894933;Vítima;Feminino;42;02/10/1979;Parda;NULL;HOMICÍDIO DOLOSO;Feminicídio-contra a mulher por razões da condição de sexo feminino
DEINTER 6;SEC Santos;Guarujá;002 DP - Guarujá;1;1;40203;3;2022;14/03/2022;1426;2022;GUARUJA;DEL.POL.GUARUJA;DEL.SEC.SANTOS;DEINTER 6 - SANTOS;14/03/2022;01:00:00;Residência;DA VEDAÇÃO DA DIVULGAÇÃO DOS DADOS RELATIVOS ;;;;Vítima;Feminino;34;16/12/1987;Branca;NULL;HOMICÍDIO DOLOSO;Feminicídio-contra a mulher por razões da condição de sexo feminino
DEINTER 8;SEC Dracena;Dracena;001 DP - Dracena;1;1;90622;3;2022;18/03/2022;873;2022;DRACENA;DEL.SEC.DRACENA PLANTÃO;DEL.SEC.DRACENA;DEINTER 8 - PRESIDENTE PRUDENTE;18/03/2022;08:30:00;Residência;DA VEDAÇÃO DA DIVULGAÇÃO DOS DADOS RELATIVOS ;;;;Vítima;Feminino;42;22/05/1979;Parda;NULL;HOMICÍDIO DOLOSO;Feminicídio-contra a mulher por razões da condição de sexo feminino
DEINTER 9;SEC Piracicaba;Piracicaba;001 DP - Piracicaba;1;1;70538;3;2022;24/03/2022;434;2022;PIRACICABA;DDM PIRACICABA;DEL.SEC.PIRACICABA;DEINTER 9 - PIRACICABA;24/03/2022;16:09:00;Via pública;RUA AJUDANTE ALBANO;750;-22,71198584;-47,63963086;Vítima;Feminino;41;26/04/1980;Branca;NULL;HOMICÍDIO DOLOSO;Feminicídio-contra a mulher por razões da condição de sexo feminino
DEMACRO;SEC Taboão da Serra;Taboão da Serra;002 DP - Taboão da Serra;1;1;30614;3;2022;06/03/2022;806;2022;TABOAO DA SERRA;01º D.P. TABOÃO DA SERRA;DEL.SEC.TABOÃO DA SERRA;DEMACRO;06/03/2022;17:00:00;Via pública;TRAVESSA ESPLANADA;56;-23,63075651;-46,78397067;Vítima;Feminino;29;15/01/1993;Branca;PRENDAS DOMESTICAS;HOMICÍDIO DOLOSO;Feminicídio-contra a mulher por razões da condição de sexo feminino
DEMACRO;SEC São Bernardo Campo;São Bernardo do Campo;006 DP - São Bernardo do Campo;1;1;30109;3;2022;05/03/2022;961;2022;S.BERNARDO DO CAMPO;01º D.P. S.B.C-DR OMAR CASSIM;DEL.SEC.S.BERNARDO DO CAMPO;DEMACRO;05/03/2022;04:10:00;Residência;DA VEDAÇÃO DA DIVULGAÇÃO DOS DADOS RELATIVOS ;;;;Vítima;Feminino;33;28/06/1988;Parda;AJUDANTE DE COZINHA;HOMICÍDIO DOLOSO;Feminicídio-contra a mulher por razões da condição de sexo feminino
DEMACRO;SEC Mogi das Cruzes;Ferraz de Vasconcelos;DM - Ferraz de Vasconcelos;1;1;30302;3;2022;30/03/2022;861;2022;FERRAZ DE VASCONCELOS;DEL.POL.FERRAZ DE VASCONCELOS;DEL.SEC.MOGI DAS CRUZES;DEMACRO;30/03/2022;00:20:00;Via pública;RUA SANTA DURVALINA;56;NULL;NULL;Vítima;Feminino;22;27/10/1999;Parda;NULL;HOMICÍDIO DOLOSO;Feminicídio-contra a mulher por razões da condição de sexo feminino
DEMACRO;SEC Franco da Rocha;Francisco Morato;DM - Francisco Morato;1;1;30203;3;2022;04/03/2022;886;2022;FRANCISCO MORATO;DEL.POL.FRANCISCO MORATO;DEL.SEC.FRANCO DA ROCHA;DEMACRO;03/03/2022;23:50:00;Residência;DA VEDAÇÃO DA DIVULGAÇÃO DOS DADOS RELATIVOS ;;;;Vítima;Feminino;50;21/06/1971;Branca;PRENDAS DOMESTICAS;HOMICÍDIO DOLOSO;Feminicídio-contra a mulher por razões da condição de sexo feminino
DEMACRO;SEC Carapicuíba;Itapevi;DM - Itapevi;1;1;30613;3;2022;09/03/2022;502;2022;ITAPEVI;DDM BARUERI;DEL.SEC.CARAPICUIBA;DEMACRO;09/03/2022;02:45:00;Residência;DA VEDAÇÃO DA DIVULGAÇÃO DOS DADOS RELATIVOS ;;;;Vítima;Feminino;37;12/02/1985;Parda;AUXILIAR DE LIMPEZA;HOMICÍDIO DOLOSO;Feminicídio-contra a mulher por razões da condição de sexo feminino
DEMACRO;SEC Carapicuíba;Barueri;DM - Barueri;1;1;30613;3;2022;13/03/2022;536;2022;BARUERI;DDM BARUERI;DEL.SEC.CARAPICUIBA;DEMACRO;13/03/2022;09:30:00;Residência;DA VEDAÇÃO DA DIVULGAÇÃO DOS DADOS RELATIVOS ;;;;Vítima;Feminino;25;15/07/1996;Parda;GARÇON(ETE);HOMICÍDIO DOLOSO;Feminicídio-contra a mulher por razões da condição de sexo feminino
DECAP;7ª SEC;São Paulo;024 DP - Ponte Rasa;1;1;20210;4;2022;28/04/2022;1748;2022;S.PAULO;10º D.P. PENHA DE FRANCA;DEL.SEC.5º LESTE;DECAP;28/04/2022;01:05:00;Residência;DA VEDAÇÃO DA DIVULGAÇÃO DOS DADOS RELATIVOS ;;;;Vítima;Feminino;36;21/01/1986;Preta;PRENDAS DOMESTICAS;HOMICÍDIO DOLOSO;Feminicídio-contra a mulher por razões da condição de sexo feminino
DECAP;6ª SEC;São Paulo;085 DP - Jardim Mirna;1;1;10374;4;2022;01/04/2022;1604;2022;S.PAULO;101º D.P. JDIM IMBUIAS;DEL.SEC.6º SANTO AMARO;DECAP;31/03/2022;23:45:00;Via pública;Rua Força Popular;4;-23,7573677;-46,6789221;Vítima;Feminino;35;02/05/1986;Parda;NULL;HOMICÍDIO DOLOSO;Feminicídio-contra a mulher por razões da condição de sexo feminino
DECAP;4ª SEC;São Paulo;074 DP - Jaraguá;1;1;20103;4;2022;11/04/2022;1489;2022;S.PAULO;04ª DDM NORTE;DEL.SEC.4º NORTE;DECAP;11/04/2022;11:28:00;Via pública;RUA TOMAS NABUCO;109;-23,45181568;-46,7105821;Vítima;Feminino;40;22/07/1981;Branca;COMERCIANTE;HOMICÍDIO DOLOSO;Feminicídio-contra a mulher por razões da condição de sexo feminino
DECAP;2ª SEC;São Paulo;083 DP - Parque Bristol;1;1;10226;4;2022;09/04/2022;1553;2022;S.PAULO;26º D.P. SACOMA;DEL.SEC.2º SUL;DECAP;08/04/2022;23:48:00;Residência;DA VEDAÇÃO DA DIVULGAÇÃO DOS DADOS RELATIVOS ;;;;Vítima;Feminino;52;06/02/1970;Branca;PRENDAS DOMESTICAS;HOMICÍDIO DOLOSO;Feminicídio-contra a mulher por razões da condição de sexo feminino
DEINTER 1;SEC São José Campos;São José dos Campos;006 DP - São Jose dos Campos;1;1;130323;4;2022;19/04/2022;1001;2022;S.JOSE DOS CAMPOS;DEL.POL.CAÇAPAVA;DEL.SEC.S.JOSÉ DOS CAMPOS;DEINTER 1 - SAO JOSE DOS CAMPOS;19/04/2022;17:42:00;Residência;DA VEDAÇÃO DA DIVULGAÇÃO DOS DADOS RELATIVOS ;;;;Vítima;Feminino;36;15/05/1985;Branca;NULL;HOMICÍDIO DOLOSO;Feminicídio-contra a mulher por razões da condição de sexo feminino
DEINTER 6;SEC Santos;Guarujá;DM - Guarujá;1;1;40203;4;2022;10/04/2022;1955;2022;GUARUJA;DEL.POL.GUARUJA;DEL.SEC.SANTOS;DEINTER 6 - SANTOS;10/04/2022;11:37:00;Residência;DA VEDAÇÃO DA DIVULGAÇÃO DOS DADOS RELATIVOS ;;;;Vítima;Feminino;30;18/07/1991;Parda;DESEMPREGADO(A);HOMICÍDIO DOLOSO;Feminicídio-contra a mulher por razões da condição de sexo feminino
DEINTER 6;SEC Santos;Cubatão;003 DP - Cubatão;1;1;40405;4;2022;04/04/2022;84;2022;CUBATAO;DDM CUBATAO;DEL.SEC.SANTOS;DEINTER 6 - SANTOS;04/04/2022;17:40:00;Saúde;RUA DAS PRIMAVERAS;1;-23,89820439;-46,43478056;Vítima;Feminino;29;14/12/1992;Parda;ANALISTA;HOMICÍDIO DOLOSO;Feminicídio-contra a mulher por razões da condição de sexo feminino
DEINTER 6;SEC Itanhaém;Itanhaém;002 DP - Itanhaem;1;1;40410;4;2022;18/04/2022;36;2022;ITANHAEM;DEL.INV.GER. ITANHAEM;DEL.SEC.ITANHAEM;DEINTER 6 - SANTOS;17/04/2022;EM HORA INCERTA;Residência;DA VEDAÇÃO DA DIVULGAÇÃO DOS DADOS RELATIVOS ;;;;Vítima;Feminino;24;22/09/1997;Branca;FAXINEIRO(A);HOMICÍDIO DOLOSO;Feminicídio-contra a mulher por razões da condição de sexo feminino
DEINTER 8;SEC Presidente Prudente;Álvares Machado;DM - Álvares Machado;1;1;90202;4;2022;07/04/2022;329;2022;ALVARES MACHADO;DEL.POL.ALVARES MACHADO;DEL.SEC.PRESIDENTE PRUDENTE;DEINTER 8 - PRESIDENTE PRUDENTE;07/04/2022;PELA MANHÃ;Residência;DA VEDAÇÃO DA DIVULGAÇÃO DOS DADOS RELATIVOS ;;;;Vítima;Feminino;32;17/01/1990;Branca;NULL;HOMICÍDIO DOLOSO;Feminicídio-contra a mulher por razões da condição de sexo feminino
DEMACRO;SEC Osasco;Osasco;003 DP - Osasco;1;1;30418;4;2022;15/04/2022;2038;2022;OSASCO;05º D.P. OSASCO;DEL.SEC.OSASCO;DEMACRO;15/04/2022;00:14:00;Residência;DA VEDAÇÃO DA DIVULGAÇÃO DOS DADOS RELATIVOS ;;;;Vítima;Feminino;29;10/05/1992;Branca;NULL;HOMICÍDIO DOLOSO;Feminicídio-contra a mulher por razões da condição de sexo feminino
DECAP;5ª SEC;São Paulo;056 DP - Vila Alpina;1;1;10310;5;2022;25/05/2022;2350;2022;S.PAULO;56º D.P. VILA ALPINA;DEL.SEC.5º LESTE;DECAP;25/05/2022;00:13:00;Via pública;RUA INDAIA;200;-23,58208897;-46,58333535;Vítima;Feminino;59;08/10/1962;Branca;APOSENTADO(A);HOMICÍDIO DOLOSO;Feminicídio-contra a mulher por razões da condição de sexo feminino
DECAP;8ª SEC;São Paulo;049 DP - São Mateus;1;1;20249;5;2022;02/05/2022;3278;2022;S.PAULO;49º D.P. SAO MATEUS;DEL.SEC.8º SAO MATEUS;DECAP;02/05/2022;11:59:00;Via pública;RUA BOM PASTOR;1;-23,61751729;-46,45083893;Vítima;Feminino;29;12/05/1992;Branca;NULL;HOMICÍDIO DOLOSO;Feminicídio-contra a mulher por razões da condição de sexo feminino
DEINTER 1;SEC Taubaté;Pindamonhangaba;DM - Pindamonhangaba;1;1;140004;5;2022;21/05/2022;122;2022;TAUBATE;DEIC - TAUBATE;DEL.SEC.TAUBATÉ;DEINTER 1 - SAO JOSE DOS CAMPOS;20/05/2022;21:10:00;Via pública;RUA DOS BENTOS;388;-22,93473215;-45,46494529;Vítima;Feminino;19;21/03/2003;Branca;NULL;HOMICÍDIO DOLOSO;Feminicídio-contra a mulher por razões da condição de sexo feminino
DEINTER 3;SEC Ribeirão Preto;Ribeirão Preto;002 DP - Ribeirão Preto;1;1;100919;5;2022;15/05/2022;4458;2022;RIBEIRAO PRETO;CPJ RIBEIRAO PRETO;DEL.SEC.RIBEIRAO PRETO;DEINTER 3 - RIBEIRAO PRETO;15/05/2022;04:37:00;Residência;DA VEDAÇÃO DA DIVULGAÇÃO DOS DADOS RELATIVOS ;;;;Vítima;Feminino;26;28/08/1995;Branca;NULL;HOMICÍDIO DOLOSO;Feminicídio-contra a mulher por razões da condição de sexo feminino
DEINTER 3;SEC Franca;Igarapava;DM - Igarapava;1;1;100306;5;2022;10/05/2022;537;2022;IGARAPAVA;DEL.POL.IGARAPAVA;DEL.SEC.FRANCA;DEINTER 3 - RIBEIRAO PRETO;10/05/2022;06:30:00;Residência;DA VEDAÇÃO DA DIVULGAÇÃO DOS DADOS RELATIVOS ;;;;Vítima;Feminino;38;30/05/1983;Parda;SEGURANCA;HOMICÍDIO DOLOSO;Feminicídio-contra a mulher por razões da condição de sexo feminino
DEINTER 5;SEC Catanduva;Santa Adélia;DM - Sta. Adélia;1;1;110708;5;2022;01/05/2022;2512;2022;CATANDUVA;DEL.SEC.CATANDUVA PLANTÃO;DEL.SEC.CATANDUVA;DEINTER 5 - SAO JOSE DO RIO PRETO;01/05/2022;15:00:00;Residência;DA VEDAÇÃO DA DIVULGAÇÃO DOS DADOS RELATIVOS ;;;;Vítima;Feminino;44;29/08/1977;Branca;PRENDAS DOMESTICAS;HOMICÍDIO DOLOSO;Feminicídio-contra a mulher por razões da condição de sexo feminino
DEINTER 7;SEC Avaré;Taquarituba;DM - Taquarituba;;1;120129;5;2022;25/05/2022;1660;2022;AVARE;DEL.SEC.AVARE PLANTÃO;DEL.SEC.AVARE;DEINTER 7 - SOROCABA;24/05/2022;11:54:00;Residência;DA VEDAÇÃO DA DIVULGAÇÃO DOS DADOS RELATIVOS ;;;;Vítima;Feminino;6;26/06/2015;Parda;NULL;HOMICÍDIO DOLOSO;Feminicídio-contra a mulher por razões da condição de sexo feminino
DEINTER 7;SEC Avaré;Taquarituba;DM - Taquarituba;1;1;120129;5;2022;25/05/2022;1660;2022;AVARE;DEL.SEC.AVARE PLANTÃO;DEL.SEC.AVARE;DEINTER 7 - SOROCABA;24/05/2022;11:54:00;Residência;DA VEDAÇÃO DA DIVULGAÇÃO DOS DADOS RELATIVOS ;;;;Vítima;Feminino;5;25/12/2016;Parda;NULL;HOMICÍDIO DOLOSO;Feminicídio-contra a mulher por razões da condição de sexo feminino
DEINTER 8;SEC Dracena;Dracena;002 DP - Dracena;1;1;90622;5;2022;20/05/2022;1598;2022;DRACENA;DEL.SEC.DRACENA PLANTÃO;DEL.SEC.DRACENA;DEINTER 8 - PRESIDENTE PRUDENTE;19/05/2022;18:05:00;Residência;DA VEDAÇÃO DA DIVULGAÇÃO DOS DADOS RELATIVOS ;;;;Vítima;Feminino;35;21/12/1986;Branca;NULL;HOMICÍDIO DOLOSO;Feminicídio-contra a mulher por razões da condição de sexo feminino
DEMACRO;SEC Taboão da Serra;Itapecerica da Serra;DM - Itapecerica da Serra;1;1;30406;5;2022;21/05/2022;1753;2022;ITAPECERICA DA SERRA;DEL.POL.ITAPECERICA DA SERRA;DEL.SEC.TABOÃO DA SERRA;DEMACRO;20/05/2022;20:30:00;Area não ocupada;RUA CAMPESTRE;1;-23,69432273;-46,812425;Vítima;Feminino;31;03/07/1990;Parda;NULL;HOMICÍDIO DOLOSO;Feminicídio-contra a mulher por razões da condição de sexo feminino
DEMACRO;SEC Carapicuíba;Santana de Parnaíba;DM - Santana do Parnaiba;1;1;30613;5;2022;01/05/2022;901;2022;BARUERI;DDM BARUERI;DEL.SEC.CARAPICUIBA;DEMACRO;01/05/2022;04:00:00;Rodovia/Estrada;ESTRADA DO VAU NOVO;0;-23,40245304;-46,90943606;Vítima;Feminino;36;04/08/1985;Branca;NULL;HOMICÍDIO DOLOSO;Feminicídio-contra a mulher por razões da condição de sexo feminino
DEMACRO;SEC Carapicuíba;Itapevi;DM - Itapevi;1;1;30613;5;2022;05/05/2022;934;2022;BARUERI;DDM BARUERI;DEL.SEC.CARAPICUIBA;DEMACRO;04/05/2022;A NOITE;Residência;DA VEDAÇÃO DA DIVULGAÇÃO DOS DADOS RELATIVOS ;;;;Vítima;Feminino;26;27/06/1995;Parda;NULL;HOMICÍDIO DOLOSO;Feminicídio-contra a mulher por razões da condição de sexo feminino
DECAP;3ª SEC;São Paulo;089 DP - Portal do Morumbi;1;1;10356;6;2022;28/06/2022;4146;2022;S.PAULO;89º D.P. JARDIM TABOAO;DEL.SEC.3º OESTE;DECAP;28/06/2022;07:04:00;Via pública;RUA SEBASTIAO FRANCISCO;8;-23,61148183;-46,72794714;Vítima;Feminino;23;28/07/1998;Parda;AUXILIAR DE LIMPEZA;HOMICÍDIO DOLOSO;Feminicídio-contra a mulher por razões da condição de sexo feminino
DEINTER 1;SEC São José Campos;Caçapava;DM - Caçapava;1;1;130323;6;2022;02/06/2022;1419;2022;CACAPAVA;DEL.POL.CAÇAPAVA;DEL.SEC.S.JOSÉ DOS CAMPOS;DEINTER 1 - SAO JOSE DOS CAMPOS;02/06/2022;01:36:00;Via pública;RUA MONTEIRO LOBATO;70;-23,0951077;-45,70090181;Vítima;Feminino;34;06/11/1987;Branca;NULL;HOMICÍDIO DOLOSO;Feminicídio-contra a mulher por razões da condição de sexo feminino
DEINTER 2;SEC Mogi-Guaçu;Mogi Guaçu;003 DP - Mogi-Guaçu;1;1;70907;6;2022;20/06/2022;307;2022;MOGI-GUACU;DDM MOGI GUAÇU;DEL.SEC.MOGI GUAÇU;DEINTER 2 - CAMPINAS;20/06/2022;13:00:00;Residência;DA VEDAÇÃO DA DIVULGAÇÃO DOS DADOS RELATIVOS ;;;;Vítima;Feminino;32;23/03/1990;Branca;TECNICO EM ENFERMAGEM;HOMICÍDIO DOLOSO;Feminicídio-contra a mulher por razões da condição de sexo feminino
DEINTER 4;SEC Bauru;Bauru;003 DP - Bauru;1;1;60050;6;2022;01/07/2022;7340;2022;BAURU;DEL.SEC.BAURU PLANTÃO;DEL.SEC.BAURU;DEINTER 4 - BAURU;30/06/2022;21:20:00;Via pública;RUA AVIADOR MARIO FUNDAGEM NOGUEIRA;1;-22,35618892;-49,05524339;Vítima              ;Feminino;52;18/06/1970;Branca;NULL;HOMICÍDIO DOLOSO;Feminicídio-contra a mulher por razões da condição de sexo feminino
DEINTER 4;SEC Marília;Marília;001 DP - Marília;1;1;80504;6;2022;19/06/2022;5162;2022;MARILIA;DEL.SEC.MARÍLIA PLANTÃO;DEL.SEC.MARILIA;DEINTER 4 - BAURU;19/06/2022;07:30:00;Residência;DA VEDAÇÃO DA DIVULGAÇÃO DOS DADOS RELATIVOS ;;;;Vítima;Feminino;81;01/07/1940;Amarela;NULL;HOMICÍDIO DOLOSO;Feminicídio-contra a mulher por razões da condição de sexo feminino
DEINTER 7;SEC Sorocaba;Araçoiaba da Serra;DM - Araçoiba da Serra;1;1;120611;6;2022;25/06/2022;1568;2022;VOTORANTIM;DEL.POL.PLANTÃO VOTORANTIM;DEL.SEC.SOROCABA;DEINTER 7 - SOROCABA;25/06/2022;13:45:00;Via pública;Estrada de Servidão;1;-23,5125633;-47,62334;Vítima;Feminino;45;29/04/1977;Branca;NULL;HOMICÍDIO DOLOSO;Feminicídio-contra a mulher por razões da condição de sexo feminino
DEINTER 8;SEC Presidente Venceslau;Presidente Epitácio;DM - Presidente Epitácio;1;1;90627;6;2022;18/06/2022;964;2022;PRESIDENTE EPITACIO;DEL.POL.PLANTÃO PRES.EPITACIO;DEL.SEC.PRESIDENTE VENCESLAU;DEINTER 8 - PRESIDENTE PRUDENTE;18/06/2022;17:30:00;Residência;DA VEDAÇÃO DA DIVULGAÇÃO DOS DADOS RELATIVOS ;;;;Vítima;Feminino;35;01/12/1986;Preta;NULL;HOMICÍDIO DOLOSO;Feminicídio-contra a mulher por razões da condição de sexo feminino
DEINTER 9;SEC Limeira;Araras;001 DP - Araras;1;1;70805;6;2022;18/06/2022;2552;2022;ARARAS;DEL.POL.ARARAS;DEL.SEC.LIMEIRA;DEINTER 9 - PIRACICABA;17/06/2022;19:30:00;Via pública;Rua Edmar Luz;116;-22,337495;-47,3524914;Vítima;Feminino;55;13/02/1967;Preta;CATADOR MATERIAL RECICLAVEL;HOMICÍDIO DOLOSO;Feminicídio-contra a mulher por razões da condição de sexo feminino
DEINTER 9;SEC Limeira;Limeira;002 DP - Limeira;1;1;70923;6;2022;02/06/2022;1625;2022;LIMEIRA;DEL.SEC.LIMEIRA PLANTÃO;DEL.SEC.LIMEIRA;DEINTER 9 - PIRACICABA;01/06/2022;20:10:00;Unidade rural;RETORNO RODOVIA LIMEIRA-PIRACICABA;117;-22,57757752;-47,45096954;Vítima;Feminino;52;27/10/1969;Branca;AUXILIAR DE SERVIÇOS GERAIS;HOMICÍDIO DOLOSO;Feminicídio-contra a mulher por razões da condição de sexo feminino
DEMACRO;SEC Carapicuíba;Santana de Parnaíba;DM - Santana do Parnaiba;1;1;30613;6;2022;17/06/2022;1297;2022;BARUERI;DDM BARUERI;DEL.SEC.CARAPICUIBA;DEMACRO;17/06/2022;04:35:00;Via pública;ESTRADA SÍTIO DO MOINHO;100;-23,46696021;-46,90320659;Vítima;Feminino;22;27/08/1999;Parda;NULL;HOMICÍDIO DOLOSO;Feminicídio-contra a mulher por razões da condição de sexo feminino
DEMACRO;SEC Diadema;Diadema;002 DP - Diadema;1;1;30123;6;2022;27/06/2022;1012;2022;DIADEMA;02º D.P. DIADEMA;DEL.SEC.DIADEMA;DEMACRO;27/06/2022;06:15:00;Via pública;RUA BOCAIÚVA;54;-23,67444638;-46,58313085;Vítima;Feminino;33;25/10/1988;Branca;AUTONOMO(A);HOMICÍDIO DOLOSO;Feminicídio-contra a mulher por razões da condição de sexo feminino
DECAP;1ª SEC;São Paulo;001 DP - Sé;1;1;10109;7;2022;25/07/2022;2420;2022;S.PAULO;01ª DDM CENTRO;DEL.SEC.1º CENTRO;DECAP;24/07/2022;16:20:00;Residência;DA VEDAÇÃO DA DIVULGAÇÃO DOS DADOS RELATIVOS ;;;;Vítima;Feminino;34;09/05/1988;Parda;NULL;HOMICÍDIO DOLOSO;Feminicídio-contra a mulher por razões da condição de sexo feminino
DECAP;6ª SEC;São Paulo;102 DP - Socorro;1;1;10601;7;2022;19/07/2022;3804;2022;S.PAULO;06ª DDM SANTO AMARO;DEL.SEC.6º SANTO AMARO;DECAP;18/07/2022;22:25:00;Via pública;RUA FRANK MARTIM;110;-23,68612671;-46,70964904;Vítima;Feminino;39;22/01/1983;Branca;AUTONOMO(A);HOMICÍDIO DOLOSO;Feminicídio-contra a mulher por razões da condição de sexo feminino
DECAP;8ª SEC;São Paulo;069 DP - Teotônio Vilela;1;1;10362;7;2022;14/07/2022;4490;2022;S.PAULO;69º D.P. TEOTONIO VILELA;DEL.SEC.8º SAO MATEUS;DECAP;13/07/2022;23:00:00;Via pública;Rua Joaquim Gouvêia Franco;232;-23,6020406;-46,4840261;Vítima;Feminino;30;01/03/1992;Branca;POLICIAL MILITAR;HOMICÍDIO DOLOSO;Feminicídio-contra a mulher por razões da condição de sexo feminino
DEINTER 1;SEC São Sebastião;Caraguatatuba;001 DP - Caraguatatuba;1;1;40301;7;2022;16/07/2022;2350;2022;CARAGUATATUBA;DEL.POL.CARAGUATATUBA;DEL.SEC.S.SEBASTIAO;DEINTER 1 - SAO JOSE DOS CAMPOS;15/07/2022;23:07:00;Residência;DA VEDAÇÃO DA DIVULGAÇÃO DOS DADOS RELATIVOS ;;;;Vítima;Feminino;47;28/07/1974;Parda;NULL;HOMICÍDIO DOLOSO;Feminicídio-contra a mulher por razões da condição de sexo feminino
DEINTER 2;2ª Seccional Campinas;Campinas;008 DP - Campinas;1;1;120557;7;2022;18/07/2022;1252;2022;CAMPINAS;PLANTÃO-DEF.MUL.CAMPINAS-2ªSEC;DEL.SEC.2º CAMPINAS;DEINTER 2 - CAMPINAS;17/07/2022;20:30:00;Residência;DA VEDAÇÃO DA DIVULGAÇÃO DOS DADOS RELATIVOS ;;;;Vítima;Feminino;34;23/02/1988;Branca;NULL;HOMICÍDIO DOLOSO;Feminicídio-contra a mulher por razões da condição de sexo feminino
DEINTER 2;2ª Seccional Campinas;Campinas;009 DP - Campinas;1;1;120557;7;2022;29/07/2022;1306;2022;CAMPINAS;PLANTÃO-DEF.MUL.CAMPINAS-2ªSEC;DEL.SEC.2º CAMPINAS;DEINTER 2 - CAMPINAS;28/07/2022;17:00:00;Residência;DA VEDAÇÃO DA DIVULGAÇÃO DOS DADOS RELATIVOS ;;;;Vítima;Feminino;55;09/04/1967;Branca;AUXILIAR DE LIMPEZA;HOMICÍDIO DOLOSO;Feminicídio-contra a mulher por razões da condição de sexo feminino
DEINTER 2;SEC Bragança Paulista;Pedra Bela;DM - Pedra Bela;1;1;70929;7;2022;17/07/2022;3005;2022;BRAGANCA PAULISTA;DEL.SEC.BRAGANÇA PTA PLANTÃO;DEL.SEC.BRAGANÇA PAULISTA;DEINTER 2 - CAMPINAS;16/07/2022;22:00:00;Via pública;RUA SEBASTIAO ANTONIO DE LIMA;10;-22,79477029;-46,4433191;Vítima;Feminino;36;14/03/1986;Branca;NULL;HOMICÍDIO DOLOSO;Feminicídio-contra a mulher por razões da condição de sexo feminino
DEINTER 3;SEC Ribeirão Preto;Ribeirão Preto;003 DP - Ribeirão Preto;1;1;100919;7;2022;05/07/2022;6185;2022;RIBEIRAO PRETO;CPJ RIBEIRAO PRETO;DEL.SEC.RIBEIRAO PRETO;DEINTER 3 - RIBEIRAO PRETO;05/07/2022;16:12:00;Residência;DA VEDAÇÃO DA DIVULGAÇÃO DOS DADOS RELATIVOS ;;;;Vítima;Feminino;24;17/03/1998;Branca;CABELEIREIRO(A);HOMICÍDIO DOLOSO;Feminicídio-contra a mulher por razões da condição de sexo feminino
DEINTER 4;SEC Bauru;Lençóis Paulista;DM - Lençóis Paulista;1;1;60004;7;2022;16/07/2022;469;2022;BAURU;DEL.SEC.BAURU PL SUB-REG;DEL.SEC.BAURU;DEINTER 4 - BAURU;16/07/2022;05:25:00;Residência;DA VEDAÇÃO DA DIVULGAÇÃO DOS DADOS RELATIVOS ;;;;Vítima;Feminino;31;01/04/1991;Branca;NULL;HOMICÍDIO DOLOSO;Feminicídio-contra a mulher por razões da condição de sexo feminino
DEINTER 4;SEC Lins;Lins;003 DP - Lins;1;1;60405;7;2022;07/07/2022;3709;2022;LINS;CPJ LINS;DEL.SEC.LINS;DEINTER 4 - BAURU;07/07/2022;10:44:00;Residência;DA VEDAÇÃO DA DIVULGAÇÃO DOS DADOS RELATIVOS ;;;;Vítima;Feminino;38;10/11/1983;Branca;AUXILIAR DE LIMPEZA;HOMICÍDIO DOLOSO;Feminicídio-contra a mulher por razões da condição de sexo feminino
DEINTER 5;SEC Novo Horizonte;Novo Horizonte;DM - Novo Horizonte;1;1;110714;7;2022;13/07/2022;763;2022;NOVO HORIZONTE;DEL.POL.PLANTÃO NOVO HORIZONTE;DEL.SEC.NOVO HORIZONTE;DEINTER 5 - SAO JOSE DO RIO PRETO;12/07/2022;21:50:00;Residência;DA VEDAÇÃO DA DIVULGAÇÃO DOS DADOS RELATIVOS ;;;;Vítima;Feminino;37;19/02/1985;Branca;NULL;HOMICÍDIO DOLOSO;Feminicídio-contra a mulher por razões da condição de sexo feminino
DEINTER 6;SEC Itanhaém;Itanhaém;001 DP - Itanhaem;1;1;40206;7;2022;27/07/2022;283;2022;ITANHAEM;DDM ITANHAEM;DEL.SEC.ITANHAEM;DEINTER 6 - SANTOS;27/07/2022;13:48:00;Residência;DA VEDAÇÃO DA DIVULGAÇÃO DOS DADOS RELATIVOS ;;;;Vítima;Feminino;59;17/01/1963;Branca;NULL;HOMICÍDIO DOLOSO;Feminicídio-contra a mulher por razões da condição de sexo feminino
DEINTER 7;SEC Itapeva;Guapiara;DM - Guapiara;1;1;120414;7;2022;15/07/2022;1525;2022;CAPAO BONITO;DEL.POL.CAPÃO BONITO;DEL.SEC.ITAPEVA;DEINTER 7 - SOROCABA;15/07/2022;01:40:00;Via pública;RUA JOSÉ SOEIRO DE OLIVEIRA;80;-24,1911877;-48,5301071;Vítima;Feminino;31;11/11/1990;Branca;NULL;HOMICÍDIO DOLOSO;Feminicídio-contra a mulher por razões da condição de sexo feminino
DEINTER 9;SEC Limeira;Pirassununga;001 DP - Pirassununga;1;1;70814;7;2022;20/07/2022;1412;2022;PIRASSUNUNGA;01º D.P. PIRASSUNUNGA;DEL.SEC.LIMEIRA;DEINTER 9 - PIRACICABA;20/07/2022;09:24:00;Residência;DA VEDAÇÃO DA DIVULGAÇÃO DOS DADOS RELATIVOS ;;;;Vítima;Feminino;27;03/03/1995;Parda;FISCAL;HOMICÍDIO DOLOSO;Feminicídio-contra a mulher por razões da condição de sexo feminino
DEMACRO;SEC Franco da Rocha;Francisco Morato;DM - Francisco Morato;1;1;30223;7;2022;19/07/2022;422;2022;FRANCISCO MORATO;DDM FRANCISCO MORATO;DEL.SEC.FRANCO DA ROCHA;DEMACRO;19/07/2022;16:21:00;Via pública;RUA DAS MAGNÓLIAS;635;-23,28178244;-46,74042664;Vítima;Feminino;41;28/12/1980;Parda;FAXINEIRO(A);HOMICÍDIO DOLOSO;Feminicídio-contra a mulher por razões da condição de sexo feminino
DEMACRO;SEC Franco da Rocha;Francisco Morato;DM - Francisco Morato;1;1;30203;7;2022;06/07/2022;2612;2022;FRANCISCO MORATO;DEL.POL.FRANCISCO MORATO;DEL.SEC.FRANCO DA ROCHA;DEMACRO;06/07/2022;06:40:00;Residência;DA VEDAÇÃO DA DIVULGAÇÃO DOS DADOS RELATIVOS ;;;;Vítima;Feminino;35;14/11/1986;Branca;DESEMPREGADO;HOMICÍDIO DOLOSO;Feminicídio-contra a mulher por razões da condição de sexo feminino
DEMACRO;SEC Franco da Rocha;Francisco Morato;DM - Francisco Morato;;1;30203;7;2022;06/07/2022;2612;2022;FRANCISCO MORATO;DEL.POL.FRANCISCO MORATO;DEL.SEC.FRANCO DA ROCHA;DEMACRO;06/07/2022;06:40:00;Residência;DA VEDAÇÃO DA DIVULGAÇÃO DOS DADOS RELATIVOS ;;;;Vítima;Feminino;40;28/02/1982;Branca;DESEMPREGADO;HOMICÍDIO DOLOSO;Feminicídio-contra a mulher por razões da condição de sexo feminino
DEMACRO;SEC Franco da Rocha;Franco da Rocha;DM - Franco da Rocha;1;1;30204;7;2022;13/07/2022;1955;2022;FRANCO DA ROCHA;DEL.POL.FRANCO ROCHA;DEL.SEC.FRANCO DA ROCHA;DEMACRO;12/07/2022;23:50:00;Via pública;RUA OSCÁR SÉRGIO SCOLFARO;29;-23,32325664;-46,73932737;Vítima;Feminino;33;20/08/1988;Parda;NULL;HOMICÍDIO DOLOSO;Feminicídio-contra a mulher por razões da condição de sexo feminino
DEMACRO;SEC Osasco;Osasco;008 DP - Osasco;1;1;30418;7;2022;15/07/2022;3822;2022;OSASCO;05º D.P. OSASCO;DEL.SEC.OSASCO;DEMACRO;15/07/2022;00:27:00;Via pública;RUA BERNARDINO DE CAMPOS;70;-23,56332017;-46,80140297;Vítima;Feminino;31;15/03/1991;Branca;OUTROS;HOMICÍDIO DOLOSO;Feminicídio-contra a mulher por razões da condição de sexo feminino
DEMACRO;SEC Santo André;Santo André;006 DP - Santo André;1;1;30929;7;2022;22/07/2022;1821;2022;S.ANDRE;CPJ SANTO ANDRE;DEL.SEC.SANTO ANDRÉ;DEMACRO;21/07/2022;21:05:00;Residência;DA VEDAÇÃO DA DIVULGAÇÃO DOS DADOS RELATIVOS ;;;;Vítima;Feminino;65;05/05/1957;Branca;MODELISTA;HOMICÍDIO DOLOSO;Feminicídio-contra a mulher por razões da condição de sexo feminino
DECAP;4ª SEC;São Paulo;073 DP - Jaçanã;1;1;10336;8;2022;24/08/2022;6221;2022;S.PAULO;73º D.P. JACANA;DEL.SEC.4º NORTE;DECAP;23/08/2022;16:40:00;Residência;DA VEDAÇÃO DA DIVULGAÇÃO DOS DADOS RELATIVOS ;;;;Vítima;Feminino;58;25/08/1963;Parda;PRENDAS DOMESTICAS;HOMICÍDIO DOLOSO;Feminicídio-contra a mulher por razões da condição de sexo feminino
DECAP;6ª SEC;São Paulo;047 DP - Capão Redondo;1;1;10247;8;2022;09/08/2022;6897;2022;S.PAULO;47º D.P. CAPAO REDONDO;DEL.SEC.6º SANTO AMARO;DECAP;09/08/2022;05:54:00;Via pública;RUA PETRASCO;62;-23,68799188;-46,78544733;Vítima;Feminino;52;25/01/1970;Parda;OUTROS;HOMICÍDIO DOLOSO;Feminicídio-contra a mulher por razões da condição de sexo feminino
DECAP;7ª SEC;São Paulo;024 DP - Ponte Rasa;1;1;20210;8;2022;08/08/2022;3395;2022;S.PAULO;10º D.P. PENHA DE FRANCA;DEL.SEC.5º LESTE;DECAP;07/08/2022;21:59:00;Residência;DA VEDAÇÃO DA DIVULGAÇÃO DOS DADOS RELATIVOS ;;;;Vítima;Feminino;25;01/06/1997;Branca;CABELEIREIRO(A);HOMICÍDIO DOLOSO;Feminicídio-contra a mulher por razões da condição de sexo feminino
DECAP;7ª SEC;São Paulo;062 DP - Ermelino Matarazzo;1;1;20224;8;2022;05/08/2022;4182;2022;S.PAULO;24º D.P. PONTE RASA;DEL.SEC.7º ITAQUERA;DECAP;05/08/2022;05:30:00;Residência;DA VEDAÇÃO DA DIVULGAÇÃO DOS DADOS RELATIVOS ;;;;Vítima;Feminino;43;01/04/1979;Branca;NULL;HOMICÍDIO DOLOSO;Feminicídio-contra a mulher por razões da condição de sexo feminino
DEINTER 1;SEC Taubaté;Pindamonhangaba;DM - Pindamonhangaba;1;1;130425;8;2022;05/08/2022;606;2022;PINDAMONHANGABA;DDM PINDAMONHANGABA;DEL.SEC.TAUBATÉ;DEINTER 1 - SAO JOSE DOS CAMPOS;05/08/2022;06:35:00;Residência;DA VEDAÇÃO DA DIVULGAÇÃO DOS DADOS RELATIVOS ;;;;Vítima;Feminino;58;16/06/1964;Branca;NULL;HOMICÍDIO DOLOSO;Feminicídio-contra a mulher por razões da condição de sexo feminino
DEINTER 2;SEC Jundiaí;Itatiba;001 DP - Itatiba;1;1;70948;8;2022;01/08/2022;3081;2022;ITATIBA;DEL.POL.PLANTÃO ITATIBA;DEL.SEC.JUNDIAI;DEINTER 2 - CAMPINAS;01/08/2022;14:09:00;Residência;DA VEDAÇÃO DA DIVULGAÇÃO DOS DADOS RELATIVOS ;;;;Vítima;Feminino;49;05/07/1973;Branca;NULL;HOMICÍDIO DOLOSO;Feminicídio-contra a mulher por razões da condição de sexo feminino
DEINTER 3;SEC Barretos;Embaúba;DM - Embaúba;1;1;100230;8;2022;08/08/2022;31;2022;EMBAUBA;DEL.POL.EMBAÚBA;DEL.SEC.BARRETOS;DEINTER 3 - RIBEIRAO PRETO;08/08/2022;07:30:00;Residência;DA VEDAÇÃO DA DIVULGAÇÃO DOS DADOS RELATIVOS ;;;;Vítima;Feminino;43;18/04/1979;Parda;NULL;HOMICÍDIO DOLOSO;Feminicídio-contra a mulher por razões da condição de sexo feminino
DEINTER 4;SEC Lins;Lins;003 DP - Lins;1;1;60405;8;2022;08/08/2022;4383;2022;LINS;CPJ LINS;DEL.SEC.LINS;DEINTER 4 - BAURU;07/08/2022;23:15:00;Residência;DA VEDAÇÃO DA DIVULGAÇÃO DOS DADOS RELATIVOS ;;;;Vítima;Feminino;30;19/05/1992;Preta;PRENDAS DOMESTICAS;HOMICÍDIO DOLOSO;Feminicídio-contra a mulher por razões da condição de sexo feminino
DEINTER 5;SEC São José Rio Preto;Nova Granada;DM - Nova Granada;1;1;110417;8;2022;25/08/2022;866;2022;NOVA GRANADA;DEL.POL.NOVA GRANADA;DEL.SEC.S.JOSE DO RIO PRETO;DEINTER 5 - SAO JOSE DO RIO PRETO;24/08/2022;18:19:00;Residência;DA VEDAÇÃO DA DIVULGAÇÃO DOS DADOS RELATIVOS ;;;;Vítima;Feminino;NULL;NULL;Ignorada;NULL;HOMICÍDIO DOLOSO;Feminicídio-contra a mulher por razões da condição de sexo feminino
DEINTER 7;SEC Itapeva;Ribeirão Branco;DM - Rib. Branco;1;1;120400;8;2022;02/08/2022;2828;2022;ITAPEVA;DEL.SEC.ITAPEVA PLANTÃO;DEL.SEC.ITAPEVA;DEINTER 7 - SOROCABA;02/08/2022;18:29:00;Via pública;RUA CORONEL J MACHADO;100;-24,22267674;-48,76541671;Vítima;Feminino;28;10/05/1994;Parda;VENDEDOR(A);HOMICÍDIO DOLOSO;Feminicídio-contra a mulher por razões da condição de sexo feminino
DEMACRO;SEC Carapicuíba;Cotia;DM - Cotia;1;1;30434;8;2022;08/08/2022;458;2022;COTIA;DDM COTIA;DEL.SEC.CARAPICUIBA;DEMACRO;08/08/2022;EM HORA INCERTA;Residência;DA VEDAÇÃO DA DIVULGAÇÃO DOS DADOS RELATIVOS ;;;;Vítima;Feminino;41;05/02/1981;Branca;COZINHEIRO(A);HOMICÍDIO DOLOSO;Feminicídio-contra a mulher por razões da condição de sexo feminino
DEMACRO;SEC Carapicuíba;Itapevi;DM - Itapevi;1;1;30613;8;2022;28/08/2022;1818;2022;BARUERI;DDM BARUERI;DEL.SEC.CARAPICUIBA;DEMACRO;27/08/2022;21:20:00;Residência;DA VEDAÇÃO DA DIVULGAÇÃO DOS DADOS RELATIVOS ;;;;Vítima;Feminino;46;17/03/1976;Parda;OUTROS;HOMICÍDIO DOLOSO;Feminicídio-contra a mulher por razões da condição de sexo feminino
DEMACRO;SEC Carapicuíba;Pirapora do Bom Jesus;DM - Pirapora do Bom Jesus;1;1;30415;8;2022;08/08/2022;1886;2022;SANTANA DE PARNAIBA;DEL.POL.SANTANA DE PARNAIBA;DEL.SEC.CARAPICUIBA;DEMACRO;08/08/2022;00:15:00;Via pública;RUA PARANA;53;-23,39853392;-46,97619575;Vítima;Feminino;49;05/02/1973;Parda;NULL;HOMICÍDIO DOLOSO;Feminicídio-contra a mulher por razões da condição de sexo feminino
DEMACRO;SEC Guarulhos;Guarulhos;007 DP - Guarulhos;1;1;30208;8;2022;19/08/2022;493;2022;GUARULHOS;03º D.P. GUARULHOS;DEL.SEC.GUARULHOS;DEMACRO;18/08/2022;23:15:00;Residência;DA VEDAÇÃO DA DIVULGAÇÃO DOS DADOS RELATIVOS ;;;;Vítima;Feminino;38;22/11/1983;Parda;NULL;HOMICÍDIO DOLOSO;Feminicídio-contra a mulher por razões da condição de sexo feminino
DEMACRO;SEC São Bernardo Campo;São Bernardo do Campo;003 DP - São Bernardo do Campo;1;1;30111;8;2022;11/08/2022;3623;2022;S.BERNARDO DO CAMPO;03º D.P. S.BERNARDO DO CAMPO;DEL.SEC.S.BERNARDO DO CAMPO;DEMACRO;10/08/2022;20:13:00;Restaurante e afins;RUA MARIO MISSIROLI;1029;-23,74339773;-46,56145273;Vítima;Feminino;61;18/06/1961;Branca;NULL;HOMICÍDIO DOLOSO;Feminicídio-contra a mulher por razões da condição de sexo feminino
DEMACRO;SEC Taboão da Serra;Taboão da Serra;002 DP - Taboão da Serra;1;1;30616;8;2022;31/08/2022;1191;2022;TABOAO DA SERRA;02º D.P. TABOÃO DA SERRA;DEL.SEC.TABOÃO DA SERRA;DEMACRO;31/08/2022;08:00:00;Via pública;RUA JOAQUIM LUCAS FILHO;378;-23,63517011;-46,79160698;Vítima;Feminino;42;12/11/1979;Parda;NULL;HOMICÍDIO DOLOSO;Feminicídio-contra a mulher por razões da condição de sexo feminino
DECAP;1ª SEC;São Paulo;077 DP - Santa Cecília;1;1;10109;9;2022;13/09/2022;3038;2022;S.PAULO;01ª DDM CENTRO;DEL.SEC.1º CENTRO;DECAP;12/09/2022;21:45:00;Condominio Residencial;DA VEDAÇÃO DA DIVULGAÇÃO DOS DADOS RELATIVOS ;;;;Vítima;Feminino;48;02/10/1973;Parda;EMPREGADO DOMESTICO;HOMICÍDIO DOLOSO;Feminicídio-contra a mulher por razões da condição de sexo feminino
DECAP;3ª SEC;São Paulo;087 DP - Vila Pereira Barreto;1;1;20113;9;2022;08/09/2022;5195;2022;S.PAULO;13º D.P. CASA VERDE;DEL.SEC.4º NORTE;DECAP;08/09/2022;03:27:00;Residência;DA VEDAÇÃO DA DIVULGAÇÃO DOS DADOS RELATIVOS ;;;;Vítima;Feminino;40;24/07/1982;Branca;VIGILANTE;HOMICÍDIO DOLOSO;Feminicídio-contra a mulher por razões da condição de sexo feminino
DECAP;6ª SEC;São Paulo;047 DP - Capão Redondo;1;1;10247;9;2022;12/09/2022;7570;2022;S.PAULO;47º D.P. CAPAO REDONDO;DEL.SEC.6º SANTO AMARO;DECAP;12/09/2022;12:10:00;Residência;DA VEDAÇÃO DA DIVULGAÇÃO DOS DADOS RELATIVOS ;;;;Vítima;Feminino;18;14/02/2004;Parda;DESEMPREGADO(A);HOMICÍDIO DOLOSO;Feminicídio-contra a mulher por razões da condição de sexo feminino
DECAP;8ª SEC;São Paulo;055 DP - Parque São Rafael;1;1;20249;9;2022;17/09/2022;7965;2022;S.PAULO;49º D.P. SAO MATEUS;DEL.SEC.8º SAO MATEUS;DECAP;17/09/2022;19:10:00;Residência;DA VEDAÇÃO DA DIVULGAÇÃO DOS DADOS RELATIVOS ;;;;Vítima;Feminino;39;20/09/1982;Parda;OUTROS;HOMICÍDIO DOLOSO;Feminicídio-contra a mulher por razões da condição de sexo feminino
DEINTER 2;SEC Bragança Paulista;Pinhalzinho;DM - Pinhalzinho;1;1;70929;9;2022;11/09/2022;3884;2022;BRAGANCA PAULISTA;DEL.SEC.BRAGANÇA PTA PLANTÃO;DEL.SEC.BRAGANÇA PAULISTA;DEINTER 2 - CAMPINAS;11/09/2022;09:51:00;Unidade rural;RODOVIA SP 008;1;-22,81658621;-46,54716004;Vítima;Feminino;52;11/02/1970;Parda;NULL;HOMICÍDIO DOLOSO;Feminicídio-contra a mulher por razões da condição de sexo feminino
DEINTER 3;SEC Franca;Pedregulho;DM - Pedregulho;1;1;100312;9;2022;02/09/2022;507;2022;PEDREGULHO;DEL.POL.PEDREGULHO;DEL.SEC.FRANCA;DEINTER 3 - RIBEIRAO PRETO;02/09/2022;15:30:00;Via pública;RUA AFONSO PEIXOTO PÍRES;76;-20,25455912;-47,48504631;Vítima;Feminino;23;30/03/1999;Parda;NULL;HOMICÍDIO DOLOSO;Feminicídio-contra a mulher por razões da condição de sexo feminino
DEINTER 3;SEC Sertãozinho;Pontal;DM - Pontal;1;1;100414;9;2022;28/09/2022;831;2022;PONTAL;DEL.POL.PONTAL;DEL.SEC.SERTÃOZINHO;DEINTER 3 - RIBEIRAO PRETO;27/09/2022;14:35:00;Via pública;RUA ANANIAS DA COSTA FREITAS (DROGARIA 1;268;-21,0272962;-48,0352471;Vítima;Feminino;29;12/08/1993;Parda;NULL;HOMICÍDIO DOLOSO;Feminicídio-contra a mulher por razões da condição de sexo feminino
DEINTER 5;SEC Fernandópolis;Fernandópolis;002 DP - Fernandópolis;1;1;110615;9;2022;01/09/2022;325;2022;FERNANDOPOLIS;DISE- DEL.SEC.FERNANDÓPOLIS;DEL.SEC.FERNANDÓPOLIS;DEINTER 5 - SAO JOSE DO RIO PRETO;31/08/2022;10:00:00;Residência;DA VEDAÇÃO DA DIVULGAÇÃO DOS DADOS RELATIVOS ;;;;Vítima;Feminino;28;03/09/1993;Parda;NULL;HOMICÍDIO DOLOSO;Feminicídio-contra a mulher por razões da condição de sexo feminino
DEINTER 7;SEC Sorocaba;Araçoiaba da Serra;DM - Araçoiba da Serra;1;1;120609;9;2022;07/09/2022;2331;2022;TATUI;DEL.POL.PLANTÃO TATUI;DEL.SEC.ITAPETININGA;DEINTER 7 - SOROCABA;07/09/2022;03:15:00;Residência;DA VEDAÇÃO DA DIVULGAÇÃO DOS DADOS RELATIVOS ;;;;Vítima;Feminino;36;15/08/1986;Branca;NULL;HOMICÍDIO DOLOSO;Feminicídio-contra a mulher por razões da condição de sexo feminino
DEMACRO;SEC Carapicuíba;Barueri;002 DP - Barueri;1;1;30613;9;2022;03/09/2022;1860;2022;BARUERI;DDM BARUERI;DEL.SEC.CARAPICUIBA;DEMACRO;03/09/2022;08:08:00;Via pública;RUA JOSÉ MARTINHO;78;-23,48554734;-46,80540277;Vítima;Feminino;28;03/04/1994;Parda;OUTROS;HOMICÍDIO DOLOSO;Feminicídio-contra a mulher por razões da condição de sexo feminino
DEMACRO;SEC Guarulhos;Guarulhos;007 DP - Guarulhos;1;1;30217;9;2022;23/09/2022;3066;2022;GUARULHOS;07º D.P. GUARULHOS;DEL.SEC.GUARULHOS;DEMACRO;23/09/2022;04:18:00;Residência;DA VEDAÇÃO DA DIVULGAÇÃO DOS DADOS RELATIVOS ;;;;Vítima;Feminino;54;28/01/1968;Parda;NULL;HOMICÍDIO DOLOSO;Feminicídio-contra a mulher por razões da condição de sexo feminino
DEMACRO;SEC Mogi das Cruzes;Suzano;001 DP - Suzano;1;1;30309;9;2022;17/09/2022;3752;2022;SUZANO;DEL.POL.SUZANO;DEL.SEC.MOGI DAS CRUZES;DEMACRO;17/09/2022;07:19:00;Residência;DA VEDAÇÃO DA DIVULGAÇÃO DOS DADOS RELATIVOS ;;;;Vítima;Feminino;28;06/11/1993;Branca;NULL;HOMICÍDIO DOLOSO;Feminicídio-contra a mulher por razões da condição de sexo feminino
DEMACRO;SEC Osasco;Osasco;010 DP - Osasco;1;1;30418;9;2022;10/09/2022;4975;2022;OSASCO;05º D.P. OSASCO;DEL.SEC.OSASCO;DEMACRO;10/09/2022;08:19:00;Residência;DA VEDAÇÃO DA DIVULGAÇÃO DOS DADOS RELATIVOS ;;;;Vítima;Feminino;39;23/08/1983;Branca;PRENDAS DOMESTICAS;HOMICÍDIO DOLOSO;Feminicídio-contra a mulher por razões da condição de sexo feminino
DECAP;6ª SEC;São Paulo;047 DP - Capão Redondo;1;1;10247;10;2022;09/10/2022;8122;2022;S.PAULO;47º D.P. CAPAO REDONDO;DEL.SEC.6º SANTO AMARO;DECAP;08/10/2022;22:02:00;Residência;DA VEDAÇÃO DA DIVULGAÇÃO DOS DADOS RELATIVOS ;;;;Vítima;Feminino;21;07/01/2001;Parda;NULL;HOMICÍDIO DOLOSO;Feminicídio-contra a mulher por razões da condição de sexo feminino
DECAP;6ª SEC;São Paulo;047 DP - Capão Redondo;;1;10247;10;2022;09/10/2022;8122;2022;S.PAULO;47º D.P. CAPAO REDONDO;DEL.SEC.6º SANTO AMARO;DECAP;08/10/2022;22:02:00;Residência;DA VEDAÇÃO DA DIVULGAÇÃO DOS DADOS RELATIVOS ;;;;Vítima;Feminino;33;01/04/1989;Parda;NULL;HOMICÍDIO DOLOSO;Feminicídio-contra a mulher por razões da condição de sexo feminino
DECAP;6ª SEC;São Paulo;100 DP - Jardim Herculano;1;1;10247;10;2022;16/10/2022;8269;2022;S.PAULO;47º D.P. CAPAO REDONDO;DEL.SEC.6º SANTO AMARO;DECAP;15/10/2022;18:00:00;Residência;DA VEDAÇÃO DA DIVULGAÇÃO DOS DADOS RELATIVOS ;;;;Vítima;Feminino;62;19/01/1960;Parda;NULL;HOMICÍDIO DOLOSO;Feminicídio-contra a mulher por razões da condição de sexo feminino
DECAP;7ª SEC;São Paulo;103 DP - Cohab Itaquera;1;1;10326;10;2022;16/10/2022;6319;2022;S.PAULO;63º D.P. VILA JACUI;DEL.SEC.7º ITAQUERA;DECAP;16/10/2022;06:57:00;Residência;DA VEDAÇÃO DA DIVULGAÇÃO DOS DADOS RELATIVOS ;;;;Vítima;Feminino;27;31/03/1995;Branca;NULL;HOMICÍDIO DOLOSO;Feminicídio-contra a mulher por razões da condição de sexo feminino
DECAP;8ª SEC;São Paulo;049 DP - São Mateus;1;1;20249;10;2022;20/10/2022;9131;2022;S.PAULO;49º D.P. SAO MATEUS;DEL.SEC.8º SAO MATEUS;DECAP;20/10/2022;02:00:00;Via pública;Avenida Ragueb Chohfi;4236;-23,5947615;-46,444737;Vítima;Feminino;20;16/11/2001;Parda;NULL;HOMICÍDIO DOLOSO;Feminicídio-contra a mulher por razões da condição de sexo feminino
DECAP;8ª SEC;São Paulo;053 DP - Parque do Carmo;1;1;10353;10;2022;18/10/2022;5727;2022;S.PAULO;53º D.P. PARQUE DO CARMO;DEL.SEC.8º SAO MATEUS;DECAP;17/10/2022;22:51:00;Residência;DA VEDAÇÃO DA DIVULGAÇÃO DOS DADOS RELATIVOS ;;;;Vítima;Feminino;38;21/04/1984;Parda;NULL;HOMICÍDIO DOLOSO;Feminicídio-contra a mulher por razões da condição de sexo feminino
DEINTER 1;SEC Guaratinguetá;Potim;DM - Potim;1;1;130201;10;2022;15/10/2022;2211;2022;APARECIDA;DEL.POL.APARECIDA;DEL.SEC.GUARATINGUETA;DEINTER 1 - SAO JOSE DOS CAMPOS;15/10/2022;09:00:00;Residência;DA VEDAÇÃO DA DIVULGAÇÃO DOS DADOS RELATIVOS ;;;;Vítima;Feminino;36;16/09/1986;Branca;COZINHEIRO(A);HOMICÍDIO DOLOSO;Feminicídio-contra a mulher por razões da condição de sexo feminino
DEINTER 1;SEC São Sebastião;Ubatuba;DM - Ubatuba;1;1;40304;10;2022;10/10/2022;3023;2022;UBATUBA;DEL.POL.UBATUBA;DEL.SEC.S.SEBASTIAO;DEINTER 1 - SAO JOSE DOS CAMPOS;09/10/2022;22:30:00;Residência;DA VEDAÇÃO DA DIVULGAÇÃO DOS DADOS RELATIVOS ;;;;Vítima;Feminino;43;30/09/1979;Branca;NULL;HOMICÍDIO DOLOSO;Feminicídio-contra a mulher por razões da condição de sexo feminino
DEINTER 3;SEC Ribeirão Preto;Ribeirão Preto;001 DP - Ribeirão Preto;1;1;100919;10;2022;16/10/2022;9745;2022;RIBEIRAO PRETO;CPJ RIBEIRAO PRETO;DEL.SEC.RIBEIRAO PRETO;DEINTER 3 - RIBEIRAO PRETO;16/10/2022;01:26:00;Residência;DA VEDAÇÃO DA DIVULGAÇÃO DOS DADOS RELATIVOS ;;;;Vítima;Feminino;38;07/11/1983;Parda;TECNICO(A);HOMICÍDIO DOLOSO;Feminicídio-contra a mulher por razões da condição de sexo feminino
DEINTER 3;SEC São Carlos;São Carlos;001 DP - São Carlos;1;1;100911;10;2022;28/10/2022;3316;2022;S.CARLOS;DEL.SEC.SÃO CARLOS PLANTÃO;DEL.SEC.SAO CARLOS;DEINTER 3 - RIBEIRAO PRETO;27/10/2022;19:45:00;Area não ocupada;SP-318;1;-21,8992532;-47,9034348;Vítima;Feminino;62;19/04/1960;Parda;NULL;HOMICÍDIO DOLOSO;Feminicídio-contra a mulher por razões da condição de sexo feminino
DEINTER 6;SEC Itanhaém;Itanhaém;003 DP - Itanhaem;1;1;42428;10;2022;05/10/2022;1479;2022;ITANHAEM;DEL.SEC.ITANHAEM PLANTÃO;DEL.SEC.ITANHAEM;DEINTER 6 - SANTOS;05/10/2022;02:11:00;Residência;DA VEDAÇÃO DA DIVULGAÇÃO DOS DADOS RELATIVOS ;;;;Vítima;Feminino;48;22/07/1974;Parda;NULL;HOMICÍDIO DOLOSO;Feminicídio-contra a mulher por razões da condição de sexo feminino
DEINTER 7;SEC Sorocaba;Ibiúna;DM - Ibiúna;1;1;120505;10;2022;09/10/2022;2743;2022;IBIUNA;DEL.POL.IBIÚNA;DEL.SEC.SOROCABA;DEINTER 7 - SOROCABA;08/10/2022;18:09:00;Residência;DA VEDAÇÃO DA DIVULGAÇÃO DOS DADOS RELATIVOS ;;;;Vítima;Feminino;63;01/01/1959;Parda;OUTROS;HOMICÍDIO DOLOSO;Feminicídio-contra a mulher por razões da condição de sexo feminino
DEINTER 8;SEC Presidente Venceslau;Teodoro Sampaio;DM - Teodoro Sampaio;1;1;90308;10;2022;05/10/2022;997;2022;TEODORO SAMPAIO;DEL.POL.TEODORO SAMPAIO;DEL.SEC.PRESIDENTE VENCESLAU;DEINTER 8 - PRESIDENTE PRUDENTE;05/10/2022;EM HORA INCERTA;Residência;DA VEDAÇÃO DA DIVULGAÇÃO DOS DADOS RELATIVOS ;;;;Vítima;Feminino;18;10/05/2004;Branca;NULL;HOMICÍDIO DOLOSO;Feminicídio-contra a mulher por razões da condição de sexo feminino
DEINTER 9;SEC Rio Claro;Rio Claro;003 DP - Rio Claro;1;1;70615;10;2022;19/10/2022;1046;2022;RIO CLARO;DDM RIO CLARO;DEL.SEC.RIO CLARO;DEINTER 9 - PIRACICABA;19/10/2022;09:07:00;Residência;DA VEDAÇÃO DA DIVULGAÇÃO DOS DADOS RELATIVOS ;;;;Vítima;Feminino;33;01/01/1989;Branca;NULL;HOMICÍDIO DOLOSO;Feminicídio-contra a mulher por razões da condição de sexo feminino
DEMACRO;SEC Diadema;Diadema;004 DP - Diadema;1;1;30127;10;2022;16/10/2022;3956;2022;DIADEMA;03º D.P. DIADEMA;DEL.SEC.DIADEMA;DEMACRO;15/10/2022;21:05:00;Residência;DA VEDAÇÃO DA DIVULGAÇÃO DOS DADOS RELATIVOS ;;;;Vítima;Feminino;28;19/10/1993;Preta;NULL;HOMICÍDIO DOLOSO;Feminicídio-contra a mulher por razões da condição de sexo feminino
DEMACRO;SEC Guarulhos;Guarulhos;004 DP - Guarulhos;1;1;30212;10;2022;15/10/2022;5131;2022;GUARULHOS;04º D.P. GUARULHOS;DEL.SEC.GUARULHOS;DEMACRO;15/10/2022;14:06:00;Residência;DA VEDAÇÃO DA DIVULGAÇÃO DOS DADOS RELATIVOS ;;;;Vítima;Feminino;32;09/11/1989;Branca;NULL;HOMICÍDIO DOLOSO;Feminicídio-contra a mulher por razões da condição de sexo feminino
DEMACRO;SEC Mogi das Cruzes;Itaquaquecetuba;DM - Itaquaquecetuba;1;1;30304;10;2022;03/10/2022;4657;2022;ITAQUAQUECETUBA;DEL.POL.ITAQUAQUECETUBA;DEL.SEC.MOGI DAS CRUZES;DEMACRO;02/10/2022;13:00:00;Residência;DA VEDAÇÃO DA DIVULGAÇÃO DOS DADOS RELATIVOS ;;;;Vítima;Feminino;40;22/04/1982;Branca;NULL;HOMICÍDIO DOLOSO;Feminicídio-contra a mulher por razões da condição de sexo feminino
DEMACRO;SEC Mogi das Cruzes;Itaquaquecetuba;DM - Itaquaquecetuba;1;1;30304;10;2022;08/10/2022;4741;2022;ITAQUAQUECETUBA;DEL.POL.ITAQUAQUECETUBA;DEL.SEC.MOGI DAS CRUZES;DEMACRO;08/10/2022;04:20:00;Residência;DA VEDAÇÃO DA DIVULGAÇÃO DOS DADOS RELATIVOS ;;;;Vítima;Feminino;35;12/03/1987;Preta;NULL;HOMICÍDIO DOLOSO;Feminicídio-contra a mulher por razões da condição de sexo feminino
DEMACRO;SEC Mogi das Cruzes;Mogi das Cruzes;002 DP - Mogi das Cruzes;1;1;30638;10;2022;12/10/2022;2469;2022;MOGI DAS CRUZES;DEL.SEC.MOGI CRUZES PLANTÃO;DEL.SEC.MOGI DAS CRUZES;DEMACRO;11/10/2022;23:47:00;Via pública;AVENIDA JULIO SIMÕES;27;-23,5126095;-46,2115465;Vítima;Feminino;22;02/09/2000;Preta;OUTROS;HOMICÍDIO DOLOSO;Feminicídio-contra a mulher por razões da condição de sexo feminino
DEMACRO;SEC Taboão da Serra;Embu das Artes;001 DP - Embú;1;1;270107;10;2022;27/10/2022;1100;2022;EMBU;DDM EMBU DAS ARTES;DEL.SEC.TABOÃO DA SERRA;DEMACRO;27/10/2022;16:42:00;Residência;DA VEDAÇÃO DA DIVULGAÇÃO DOS DADOS RELATIVOS ;;;;Vítima;Feminino;27;20/06/1995;Parda;DESEMPREGADO;HOMICÍDIO DOLOSO;Feminicídio-contra a mulher por razões da condição de sexo feminino
DEMACRO;SEC Taboão da Serra;Taboão da Serra;002 DP - Taboão da Serra;1;1;30614;10;2022;22/10/2022;3296;2022;TABOAO DA SERRA;01º D.P. TABOÃO DA SERRA;DEL.SEC.TABOÃO DA SERRA;DEMACRO;22/10/2022;05:40:00;Residência;DA VEDAÇÃO DA DIVULGAÇÃO DOS DADOS RELATIVOS ;;;;Vítima;Feminino;25;14/03/1997;Parda;NULL;HOMICÍDIO DOLOSO;Feminicídio-contra a mulher por razões da condição de sexo feminino
DECAP;4ª SEC;São Paulo;073 DP - Jaçanã;1;1;10336;11;2022;01/11/2022;8246;2022;S.PAULO;73º D.P. JACANA;DEL.SEC.4º NORTE;DECAP;31/10/2022;19:38:00;Hospedagem;RETORNO RODOVIA FERNAO DIAS;84;-23,45969997;-46,57107546;Vítima;Feminino;27;19/03/1995;Branca;AUXILIAR ADMINISTRATIVO;HOMICÍDIO DOLOSO;Feminicídio-contra a mulher por razões da condição de sexo feminino
DECAP;6ª SEC;São Paulo;047 DP - Capão Redondo;1;1;10247;11;2022;18/11/2022;8835;2022;S.PAULO;47º D.P. CAPAO REDONDO;DEL.SEC.6º SANTO AMARO;DECAP;18/11/2022;10:45:00;Via pública;RUA TAVORA;135;-23,66142774;-46,7933015;Vítima;Feminino;45;02/05/1977;Parda;NAO INFORMADA;HOMICÍDIO DOLOSO;Feminicídio-contra a mulher por razões da condição de sexo feminino
DECAP;8ª SEC;São Paulo;053 DP - Parque do Carmo;1;1;10353;11;2022;27/11/2022;6465;2022;S.PAULO;53º D.P. PARQUE DO CARMO;DEL.SEC.8º SAO MATEUS;DECAP;27/11/2022;06:00:00;Via pública;Rua Itália Giusti;530;-23,5675895;-46,4536063;Vítima;Feminino;26;19/09/1996;Parda;NULL;HOMICÍDIO DOLOSO;Feminicídio-contra a mulher por razões da condição de sexo feminino
DECAP;8ª SEC;São Paulo;069 DP - Teotônio Vilela;1;1;10362;11;2022;14/11/2022;6731;2022;S.PAULO;69º D.P. TEOTONIO VILELA;DEL.SEC.8º SAO MATEUS;DECAP;14/11/2022;09:20:00;Residência;DA VEDAÇÃO DA DIVULGAÇÃO DOS DADOS RELATIVOS ;;;;Vítima;Feminino;31;03/05/1991;Parda;NULL;HOMICÍDIO DOLOSO;Feminicídio-contra a mulher por razões da condição de sexo feminino
DEINTER 1;SEC São Sebastião;São Sebastião;004 DP - São Sebastião;1;1;40306;11;2022;09/11/2022;2129;2022;S.SEBASTIAO;02º D.P. S. SEBASTIAO;DEL.SEC.S.SEBASTIAO;DEINTER 1 - SAO JOSE DOS CAMPOS;09/11/2022;16:34:00;Residência;DA VEDAÇÃO DA DIVULGAÇÃO DOS DADOS RELATIVOS ;;;;Vítima;Feminino;80;11/04/1942;Branca;NULL;HOMICÍDIO DOLOSO;Feminicídio-contra a mulher por razões da condição de sexo feminino
DEINTER 10;SEC Araçatuba;Araçatuba;002 DP - Araçatuba;1;1;50222;11;2022;09/11/2022;4068;2022;ARACATUBA;03º D.P. ARAÇATUBA;DEL.SEC.ARACATUBA;DEINTER 10 - ARAÇATUBA;08/11/2022;20:51:00;Comércio e serviços;RUA ALMIRANTE BARROSO;920;-21,20373428;-50,42931684;Vítima;Feminino;19;19/11/2002;Branca;ATENDENTE;HOMICÍDIO DOLOSO;Feminicídio-contra a mulher por razões da condição de sexo feminino
DEINTER 2;SEC Bragança Paulista;Bragança Paulista;003 DP - Bragança Pta.;1;1;70121;11;2022;30/11/2022;720;2022;BRAGANCA PAULISTA;DDM BRAGANÇA PAULISTA;DEL.SEC.BRAGANÇA PAULISTA;DEINTER 2 - CAMPINAS;30/11/2022;14:00:00;Residência;DA VEDAÇÃO DA DIVULGAÇÃO DOS DADOS RELATIVOS ;;;;Vítima;Feminino;23;25/04/1999;Parda;NULL;HOMICÍDIO DOLOSO;Feminicídio-contra a mulher por razões da condição de sexo feminino
DEINTER 2;SEC Jundiaí;Jundiaí;005 DP - Jundiai;1;1;70419;11;2022;09/11/2022;1141;2022;JUNDIAI;05º D.P. JUNDIAI;DEL.SEC.JUNDIAI;DEINTER 2 - CAMPINAS;08/11/2022;08:10:00;Via pública;AVENIDA PRESBÍTERO MANOEL ANTÔNIO DIAS F;1480;-23,1457198;-47,00905245;Vítima;Feminino;34;02/03/1988;Parda;NULL;HOMICÍDIO DOLOSO;Feminicídio-contra a mulher por razões da condição de sexo feminino
DEINTER 3;SEC Ribeirão Preto;Ribeirão Preto;003 DP - Ribeirão Preto;1;1;100919;11;2022;07/11/2022;10519;2022;RIBEIRAO PRETO;CPJ RIBEIRAO PRETO;DEL.SEC.RIBEIRAO PRETO;DEINTER 3 - RIBEIRAO PRETO;06/11/2022;19:40:00;Residência;DA VEDAÇÃO DA DIVULGAÇÃO DOS DADOS RELATIVOS ;;;;Vítima;Feminino;34;25/03/1988;Preta;NULL;HOMICÍDIO DOLOSO;Feminicídio-contra a mulher por razões da condição de sexo feminino
DEINTER 3;SEC São Carlos;São Carlos;002 DP - São Carlos;1;1;100911;11;2022;04/11/2022;3397;2022;S.CARLOS;DEL.SEC.SÃO CARLOS PLANTÃO;DEL.SEC.SAO CARLOS;DEINTER 3 - RIBEIRAO PRETO;04/11/2022;16:30:00;Via pública;Rua Antonio Luiz Zanquin;51;-22,0586227;-47,9155421;Vítima;Feminino;29;08/11/1992;Branca;NULL;HOMICÍDIO DOLOSO;Feminicídio-contra a mulher por razões da condição de sexo feminino
DEINTER 4;SEC Lins;Lins;003 DP - Lins;1;1;60405;11;2022;25/11/2022;6585;2022;LINS;CPJ LINS;DEL.SEC.LINS;DEINTER 4 - BAURU;25/11/2022;11:36:00;Residência;DA VEDAÇÃO DA DIVULGAÇÃO DOS DADOS RELATIVOS ;;;;Vítima;Feminino;26;28/03/1996;Parda;NULL;HOMICÍDIO DOLOSO;Feminicídio-contra a mulher por razões da condição de sexo feminino
DEINTER 4;SEC Ourinhos;Santa Cruz do Rio Pardo;DM - Sta. Cruz do Rio Pardo;1;1;80505;11;2022;01/12/2022;3290;2022;S.CRUZ DO RIO PARDO;DEL.SEC.OURINHOS PLANTÃO;DEL.SEC.OURINHOS;DEINTER 4 - BAURU;30/11/2022;17:03:00;Residência;DA VEDAÇÃO DA DIVULGAÇÃO DOS DADOS RELATIVOS ;;;;Vítima;Feminino;31;27/03/1991;Branca;NULL;HOMICÍDIO DOLOSO;Feminicídio-contra a mulher por razões da condição de sexo feminino
DEINTER 6;SEC Santos;Bertioga;DM - Bertioga;1;1;40003;11;2022;30/11/2022;259;2022;SANTOS;3ªHOMICIDIOS-DEIC-DEINTER 6;DEIC - DEINTER 6;DEINTER 6 - SANTOS;29/11/2022;A TARDE;Area não ocupada;Alameda Iguaçu;3;-23,8781919;-46,1887589;Vítima;Feminino;45;18/06/1977;Parda;NULL;HOMICÍDIO DOLOSO;Feminicídio-contra a mulher por razões da condição de sexo feminino
DEINTER 7;SEC Sorocaba;Sorocaba;009 DP - Sorocaba;1;1;120607;11;2022;17/11/2022;5346;2022;SOROCABA;PLANTÃO DE SOROCABA - Z. NORTE;DEL.SEC.SOROCABA;DEINTER 7 - SOROCABA;16/11/2022;19:50:00;Residência;DA VEDAÇÃO DA DIVULGAÇÃO DOS DADOS RELATIVOS ;;;;Vítima;Feminino;33;01/11/1989;Parda;NULL;HOMICÍDIO DOLOSO;Feminicídio-contra a mulher por razões da condição de sexo feminino
DEINTER 7;SEC Sorocaba;Sorocaba;009 DP - Sorocaba;;1;120607;11;2022;17/11/2022;5346;2022;SOROCABA;PLANTÃO DE SOROCABA - Z. NORTE;DEL.SEC.SOROCABA;DEINTER 7 - SOROCABA;16/11/2022;19:50:00;Residência;DA VEDAÇÃO DA DIVULGAÇÃO DOS DADOS RELATIVOS ;;;;Vítima;Feminino;11;26/12/2010;Parda;NULL;HOMICÍDIO DOLOSO;Feminicídio-contra a mulher por razões da condição de sexo feminino
DEINTER 7;SEC Sorocaba;Sorocaba;009 DP - Sorocaba;;1;120607;11;2022;17/11/2022;5346;2022;SOROCABA;PLANTÃO DE SOROCABA - Z. NORTE;DEL.SEC.SOROCABA;DEINTER 7 - SOROCABA;16/11/2022;19:50:00;Residência;DA VEDAÇÃO DA DIVULGAÇÃO DOS DADOS RELATIVOS ;;;;Vítima;Feminino;13;19/12/2008;Parda;NULL;HOMICÍDIO DOLOSO;Feminicídio-contra a mulher por razões da condição de sexo feminino
DEINTER 8;SEC Assis;Palmital;DM - Palmital;1;1;80116;11;2022;14/11/2022;1101;2022;PALMITAL;DEL.POL.PALMITAL;DEL.SEC.ASSIS;DEINTER 8 - PRESIDENTE PRUDENTE;13/11/2022;23:00:00;Residência;DA VEDAÇÃO DA DIVULGAÇÃO DOS DADOS RELATIVOS ;;;;Vítima;Feminino;22;23/03/2000;Branca;NULL;HOMICÍDIO DOLOSO;Feminicídio-contra a mulher por razões da condição de sexo feminino
DEINTER 8;SEC Presidente Venceslau;Euclides da Cunha Paulista;DM - Euclides da Cunha Pta.;1;1;90309;11;2022;06/11/2022;197;2022;EUCLIDES DA CUNHA PTA;DEL.POL.EUCLIDES DA CUNHA PTA;DEL.SEC.PRESIDENTE VENCESLAU;DEINTER 8 - PRESIDENTE PRUDENTE;06/11/2022;DE MADRUGADA;Residência;DA VEDAÇÃO DA DIVULGAÇÃO DOS DADOS RELATIVOS ;;;;Vítima;Feminino;27;28/08/1995;Branca;NULL;HOMICÍDIO DOLOSO;Feminicídio-contra a mulher por razões da condição de sexo feminino
DEINTER 9;SEC Limeira;Cordeirópolis;DM - Cordeirópolis;1;1;70806;11;2022;25/11/2022;1695;2022;CORDEIROPOLIS;DEL.POL.CORDEIRÓPOLIS;DEL.SEC.LIMEIRA;DEINTER 9 - PIRACICABA;25/11/2022;16:00:00;Residência;DA VEDAÇÃO DA DIVULGAÇÃO DOS DADOS RELATIVOS ;;;;Vítima;Feminino;26;05/11/1996;Branca;NULL;HOMICÍDIO DOLOSO;Feminicídio-contra a mulher por razões da condição de sexo feminino
DEINTER 9;SEC Piracicaba;Piracicaba;002 DP - Piracicaba;1;1;70538;11;2022;30/11/2022;1585;2022;PIRACICABA;DDM PIRACICABA;DEL.SEC.PIRACICABA;DEINTER 9 - PIRACICABA;29/11/2022;13:15:00;Hospedagem;Avenida Independência;2805;-22,7368369;-47,6459986;Vítima;Feminino;33;26/02/1989;Branca;NULL;HOMICÍDIO DOLOSO;Feminicídio-contra a mulher por razões da condição de sexo feminino
DEMACRO;SEC Carapicuíba;Vargem Grande Paulista;DM - Vargem Grande Paulista;1;1;30403;11;2022;20/11/2022;5612;2022;COTIA;DEL.POL.COTIA;DEL.SEC.CARAPICUIBA;DEMACRO;19/11/2022;23:01:00;Via pública;RUA SOLIMÕES;127;-23,60539612;-47,0047399;Vítima;Feminino;42;24/05/1980;Branca;OUTROS;HOMICÍDIO DOLOSO;Feminicídio-contra a mulher por razões da condição de sexo feminino
DEMACRO;SEC Osasco;Osasco;002 DP - Osasco;1;1;30418;11;2022;05/11/2022;6061;2022;OSASCO;05º D.P. OSASCO;DEL.SEC.OSASCO;DEMACRO;05/11/2022;07:50:00;Residência;DA VEDAÇÃO DA DIVULGAÇÃO DOS DADOS RELATIVOS ;;;;Vítima;Feminino;27;22/09/1995;Branca;NULL;HOMICÍDIO DOLOSO;Feminicídio-contra a mulher por razões da condição de sexo feminino
DECAP;1ª SEC;São Paulo;005 DP - Aclimação;1;1;10109;12;2022;14/12/2022;4166;2022;S.PAULO;01ª DDM CENTRO;DEL.SEC.1º CENTRO;DECAP;04/12/2022;13:30:00;Residência;DA VEDAÇÃO DA DIVULGAÇÃO DOS DADOS RELATIVOS ;;;;Vítima;Feminino;22;16/01/2000;Parda;FAXINEIRO(A);HOMICÍDIO DOLOSO;Feminicídio-contra a mulher por razões da condição de sexo feminino
DECAP;4ª SEC;São Paulo;074 DP - Jaraguá;1;1;20103;12;2022;19/12/2022;5109;2022;S.PAULO;04ª DDM NORTE;DEL.SEC.4º NORTE;DECAP;19/12/2022;13:50:00;Residência;DA VEDAÇÃO DA DIVULGAÇÃO DOS DADOS RELATIVOS ;;;;Vítima;Feminino;25;25/11/1997;Branca;NULL;HOMICÍDIO DOLOSO;Feminicídio-contra a mulher por razões da condição de sexo feminino
DECAP;5ª SEC;São Paulo;042 DP - Parque São Lucas;1;1;10310;12;2022;21/12/2022;5916;2022;S.PAULO;56º D.P. VILA ALPINA;DEL.SEC.5º LESTE;DECAP;20/12/2022;21:59:00;Via pública;Rua Costa Barros;1800;-23,5976726;-46,5603554;Vítima;Feminino;34;22/09/1988;Branca;AUXILIAR DE LIMPEZA;HOMICÍDIO DOLOSO;Feminicídio-contra a mulher por razões da condição de sexo feminino
DECAP;6ª SEC;São Paulo;047 DP - Capão Redondo;1;1;10247;12;2022;05/12/2022;9142;2022;S.PAULO;47º D.P. CAPAO REDONDO;DEL.SEC.6º SANTO AMARO;DECAP;04/12/2022;22:17:00;Via pública;RUA LUIS DE OLIVEIRA;160;-23,67736776;-46,7891703;Vítima;Feminino;21;20/05/2001;Parda;ATENDENTE DE TELEMARKETING;HOMICÍDIO DOLOSO;Feminicídio-contra a mulher por razões da condição de sexo feminino
DECAP;7ª SEC;São Paulo;063 DP - Vila Jacuí;1;1;10326;12;2022;10/12/2022;7585;2022;S.PAULO;63º D.P. VILA JACUI;DEL.SEC.7º ITAQUERA;DECAP;09/12/2022;20:13:00;Comércio e serviços;RUA DA PAZ;225;-23,49006843;-46,45622056;Vítima;Feminino;26;16/08/1996;Parda;CABELEIREIRO(A);HOMICÍDIO DOLOSO;Feminicídio-contra a mulher por razões da condição de sexo feminino
DECAP;8ª SEC;São Paulo;055 DP - Parque São Rafael;1;1;20249;12;2022;11/12/2022;11014;2022;S.PAULO;49º D.P. SAO MATEUS;DEL.SEC.8º SAO MATEUS;DECAP;11/12/2022;06:50:00;Residência;DA VEDAÇÃO DA DIVULGAÇÃO DOS DADOS RELATIVOS ;;;;Vítima;Feminino;26;28/04/1996;Preta;NULL;HOMICÍDIO DOLOSO;Feminicídio-contra a mulher por razões da condição de sexo feminino
DEINTER 2;SEC Mogi-Guaçu;Mogi Mirim;003 DP - Mogi Mirim;1;1;70930;12;2022;07/12/2022;8073;2022;MOGI-GUACU;DEL.SEC.MOGI GUAÇU PLANTÃO;DEL.SEC.MOGI GUAÇU;DEINTER 2 - CAMPINAS;07/12/2022;16:53:00;Residência;DA VEDAÇÃO DA DIVULGAÇÃO DOS DADOS RELATIVOS ;;;;Vítima;Feminino;49;06/10/1973;Branca;NULL;HOMICÍDIO DOLOSO;Feminicídio-contra a mulher por razões da condição de sexo feminino
DEINTER 3;SEC Araraquara;Araraquara;003 DP - Araraquara;1;1;100908;12;2022;18/12/2022;8028;2022;ARARAQUARA;DEL.SEC.ARARAQUARA PLANTÃO;DEL.SEC.ARARAQUARA;DEINTER 3 - RIBEIRAO PRETO;18/12/2022;A NOITE;Residência;DA VEDAÇÃO DA DIVULGAÇÃO DOS DADOS RELATIVOS ;;;;Vítima;Feminino;39;24/03/1983;Parda;NULL;HOMICÍDIO DOLOSO;Feminicídio-contra a mulher por razões da condição de sexo feminino
DEINTER 3;SEC Bebedouro;Taiúva;DM - Taiuva;1;1;100213;12;2022;30/12/2022;1;2023;TAIUVA;DEL.POL.TAIUVA;DEL.SEC.BEBEDOURO;DEINTER 3 - RIBEIRAO PRETO;26/12/2022;04:55:00;Residência;DA VEDAÇÃO DA DIVULGAÇÃO DOS DADOS RELATIVOS ;;;;Vítima;Feminino;42;07/07/1980;Branca;DESEMPREGADO(A);HOMICÍDIO DOLOSO;Feminicídio-contra a mulher por razões da condição de sexo feminino
DEINTER 3;SEC Sertãozinho;Monte Alto;DM - Monte Alto;1;1;100605;12;2022;13/12/2022;107;2022;MONTE ALTO;DDM MONTE ALTO;DEL.SEC.SERTÃOZINHO;DEINTER 3 - RIBEIRAO PRETO;13/12/2022;10:30:00;Via pública;Rua Guido Matioli;1;-21,269589;-48,4769899;Vítima;Feminino;39;26/12/1982;Branca;BALCONISTA;HOMICÍDIO DOLOSO;Feminicídio-contra a mulher por razões da condição de sexo feminino
DEINTER 5;SEC Catanduva;Catanduva;004 DP - Catanduva;1;1;110708;12;2022;04/12/2022;7300;2022;CATANDUVA;DEL.SEC.CATANDUVA PLANTÃO;DEL.SEC.CATANDUVA;DEINTER 5 - SAO JOSE DO RIO PRETO;04/12/2022;11:05:00;Via pública;RUA AMAPA;1075;-21,13704344;-48,98717986;Vítima;Feminino;46;19/06/1976;Branca;NULL;HOMICÍDIO DOLOSO;Feminicídio-contra a mulher por razões da condição de sexo feminino
DEINTER 5;SEC Votuporanga;Riolândia;DM - Riolândia;1;1;110521;12;2022;15/12/2022;495;2022;RIOLANDIA;DEL.POL.RIOLANDIA;DEL.SEC.VOTUPORANGA;DEINTER 5 - SAO JOSE DO RIO PRETO;15/12/2022;11:30:00;Residência;DA VEDAÇÃO DA DIVULGAÇÃO DOS DADOS RELATIVOS ;;;;Vítima;Feminino;54;02/01/1968;Branca;NULL;HOMICÍDIO DOLOSO;Feminicídio-contra a mulher por razões da condição de sexo feminino
DEINTER 7;SEC Sorocaba;Sorocaba;008 DP - Sorocaba;1;1;120556;12;2022;30/12/2022;2;2023;SOROCABA;PLANTÃO-DEF MULH SOROCABA;DEL.SEC.SOROCABA;DEINTER 7 - SOROCABA;29/12/2022;23:00:00;Residência;DA VEDAÇÃO DA DIVULGAÇÃO DOS DADOS RELATIVOS ;;;;Vítima;Feminino;57;18/07/1965;Branca;AUXILIAR DE LIMPEZA;HOMICÍDIO DOLOSO;Feminicídio-contra a mulher por razões da condição de sexo feminino
DEINTER 7;SEC Sorocaba;Sorocaba;011 DP - Sorocaba;1;1;120524;12;2022;01/12/2022;1674;2022;SOROCABA;DDM SOROCABA;DEL.SEC.SOROCABA;DEINTER 7 - SOROCABA;01/12/2022;DE MADRUGADA;Residência;DA VEDAÇÃO DA DIVULGAÇÃO DOS DADOS RELATIVOS ;;;;Vítima;Feminino;41;05/08/1981;Branca;EMPREGADO DOMESTICO;HOMICÍDIO DOLOSO;Feminicídio-contra a mulher por razões da condição de sexo feminino
DEINTER 8;SEC Presidente Prudente;Pirapozinho;DM - Pirapozinho;1;1;90210;12;2022;19/12/2022;1689;2022;PIRAPOZINHO;DEL.POL.PIRAPOZINHO;DEL.SEC.PRESIDENTE PRUDENTE;DEINTER 8 - PRESIDENTE PRUDENTE;19/12/2022;07:00:00;Residência;DA VEDAÇÃO DA DIVULGAÇÃO DOS DADOS RELATIVOS ;;;;Vítima;Feminino;71;16/09/1951;Branca;APOSENTADO(A);HOMICÍDIO DOLOSO;Feminicídio-contra a mulher por razões da condição de sexo feminino
DEMACRO;SEC Guarulhos;Guarulhos;004 DP - Guarulhos;1;1;30212;12;2022;09/12/2022;5983;2022;GUARULHOS;04º D.P. GUARULHOS;DEL.SEC.GUARULHOS;DEMACRO;09/12/2022;12:30:00;Saúde;Rua São José do Paraíso;100;-23,4398855;-46,4095213;Vítima;Feminino;28;18/08/1994;Parda;NULL;HOMICÍDIO DOLOSO;Feminicídio-contra a mulher por razões da condição de sexo feminino
DEMACRO;SEC Guarulhos;Guarulhos;006 DP - Guarulhos;1;1;30216;12;2022;07/12/2022;828;2022;GUARULHOS;06º D.P. GUARULHOS;DEL.SEC.GUARULHOS;DEMACRO;07/12/2022;11:16:00;Via pública;RUA FONTE BOA;8;-23,44894606;-46,50707008;Vítima;Feminino;37;08/12/1984;Parda;OUTROS;HOMICÍDIO DOLOSO;Feminicídio-contra a mulher por razões da condição de sexo feminino
DEMACRO;SEC Guarulhos;Guarulhos;009 DP - Guarulhos;1;1;30217;12;2022;28/12/2022;4172;2022;GUARULHOS;07º D.P. GUARULHOS;DEL.SEC.GUARULHOS;DEMACRO;28/12/2022;DE MADRUGADA;Residência;DA VEDAÇÃO DA DIVULGAÇÃO DOS DADOS RELATIVOS ;;;;Vítima;Feminino;28;21/06/1994;Parda;NULL;HOMICÍDIO DOLOSO;Feminicídio-contra a mulher por razões da condição de sexo feminino
DEMACRO;SEC Mogi das Cruzes;Ferraz de Vasconcelos;001 DP - Ferraz de Vasconcelos;1;1;30302;12;2022;29/12/2022;3650;2022;FERRAZ DE VASCONCELOS;DEL.POL.FERRAZ DE VASCONCELOS;DEL.SEC.MOGI DAS CRUZES;DEMACRO;28/12/2022;21:17:00;Residência;DA VEDAÇÃO DA DIVULGAÇÃO DOS DADOS RELATIVOS ;;;;Vítima;Feminino;2;01/09/2020;Parda;NULL;HOMICÍDIO DOLOSO;Feminicídio-contra a mulher por razões da condição de sexo feminino
DEMACRO;SEC Mogi das Cruzes;Ferraz de Vasconcelos;DM - Ferraz de Vasconcelos;1;1;10353;12;2022;25/12/2022;7010;2022;S.PAULO;53º D.P. PARQUE DO CARMO;DEL.SEC.MOGI DAS CRUZES;DEMACRO;12/12/2022;11:00:00;Residência;DA VEDAÇÃO DA DIVULGAÇÃO DOS DADOS RELATIVOS ;;;;Vítima;Feminino;23;27/11/1999;Branca;NULL;HOMICÍDIO DOLOSO;Feminicídio-contra a mulher por razões da condição de sexo feminino
