departamento_circunscricao;seccional_circunscricao;municipio_circunscricao;dp_circunscricao_;nº_de_vít_hd;id_delegacia;mês_estatistica;ano_estatistica;datahora_registro_bo;num_bo;ano_bo;municipio_elaboracao;dp_elaboracao;sec_elaboracao;dep_elaboracao;data_fato;hora_fato;desc_tipolocal;logradouro;tipo_pessoa;sexo_pessoa;idade_pessoa;data_nascimento_pessoa;cor_pele;profissao
DECAP;8ªSEC;SaoPaulo;054DP-CidadeTiradentes;1;20249;1;2022;30/01/2022;778;2022;S.PAULO;49ºD.P.SAOMATEUS;DEL.SEC.8ºSAOMATEUS;DECAP;30/01/2022;09:31:00;Residencia;DAVEDAÇaODADIVULGAÇaODOSDADOSRELATIVOS;Vitima;Feminino;58.0;01/08/1963;Branca;Não informado
DECAP;7ªSEC;SaoPaulo;103DP-CohabItaquera;1;10326;1;2022;04/01/2022;55;2022;S.PAULO;63ºD.P.VILAJACUI;DEL.SEC.7ºITAQUERA;DECAP;04/01/2022;04:19:00;Residencia;DAVEDAÇaODADIVULGAÇaODOSDADOSRELATIVOS;Vitima;Feminino;77.0;22/06/1944;Branca;Não informado
DECAP;5ªSEC;SaoPaulo;018DP-AltodaMooca;1;20218;1;2022;10/01/2022;35;2022;S.PAULO;18ºD.P.ALTODAMOOCA;DEL.SEC.5ºLESTE;DECAP;10/01/2022;PELAMANHa;Viapublica;RUAMARINACRESPI;Vitima;Feminino;51.0;07/06/1970;Parda;Não informado
DECAP;4ªSEC;SaoPaulo;074DP-Jaragua;1;20103;1;2022;04/01/2022;32;2022;S.PAULO;04ªDDMNORTE;DEL.SEC.4ºNORTE;DECAP;03/01/2022;23:57:00;Residencia;DAVEDAÇaODADIVULGAÇaODOSDADOSRELATIVOS;Vitima;Feminino;47.0;28/01/1974;Parda;AUXILIARDELIMPEZA
DEINTER2;2ªSeccionalCampinas;Campinas;009DP-Campinas;1;70367;1;2022;18/01/2022;57;2022;CAMPINAS;02ªDDMCAMPINAS;DEL.SEC.2ºCAMPINAS;DEINTER2-CAMPINAS;18/01/2022;DEMADRUGADA;Residencia;DAVEDAÇaODADIVULGAÇaODOSDADOSRELATIVOS;Vitima;Feminino;3.0;13/11/2018;Branca;Não informado
DEINTER2;2ªSeccionalCampinas;Campinas;009DP-Campinas;1;70367;1;2022;18/01/2022;57;2022;CAMPINAS;02ªDDMCAMPINAS;DEL.SEC.2ºCAMPINAS;DEINTER2-CAMPINAS;18/01/2022;DEMADRUGADA;Residencia;DAVEDAÇaODADIVULGAÇaODOSDADOSRELATIVOS;Vitima;Feminino;71.0;21/03/1950;Branca;Não informado
DEINTER2;2ªSeccionalCampinas;Campinas;009DP-Campinas;1;70367;1;2022;18/01/2022;57;2022;CAMPINAS;02ªDDMCAMPINAS;DEL.SEC.2ºCAMPINAS;DEINTER2-CAMPINAS;18/01/2022;DEMADRUGADA;Residencia;DAVEDAÇaODADIVULGAÇaODOSDADOSRELATIVOS;Vitima;Feminino;34.0;27/10/1987;Branca;Não informado
DEINTER2;2ªSeccionalCampinas;Campinas;006DP-Campinas;1;900556;1;2022;18/01/2022;21;2022;CAMPINAS;1ªDIG-DEIC-DEINTER2;DEL.SEC.1ºCAMPINAS;DEINTER2-CAMPINAS;18/01/2022;DEMADRUGADA;Residencia;DAVEDAÇaODADIVULGAÇaODOSDADOSRELATIVOS;Vitima;Feminino;39.0;13/11/1982;Branca;CABELEIREIRO(A)
DEINTER3;SECRibeiraoPreto;SantaRosadoViterbo;DM-Sta.RosaViterbo;1;100422;1;2022;03/01/2022;8;2022;S.ROSADEVITERBO;DEL.POL.S.ROSADEVITERBO;DEL.SEC.RIBEIRAOPRETO;DEINTER3-RIBEIRAOPRETO;03/01/2022;21:45:00;Residencia;DAVEDAÇaODADIVULGAÇaODOSDADOSRELATIVOS;Vitima;Feminino;41.0;22/12/1980;Branca;MANICURE
DEINTER4;SECJau;DoisCorregos;DM-DoisCorregos;1;60406;1;2022;04/01/2022;62;2022;DOISCORREGOS;CPJJAU;DEL.SEC.JAU;DEINTER4-BAURU;04/01/2022;04:04:00;Residencia;DAVEDAÇaODADIVULGAÇaODOSDADOSRELATIVOS;Vitima;Feminino;27.0;23/01/1994;Preta;PRENDASDOMESTICAS
DEINTER5;SECSaoJoseRioPreto;SaoJosedoRioPreto;001DP-SaoJosedoRioPreto;1;110429;1;2022;20/01/2022;509;2022;S.JOSEDORIOPRETO;DEL.SEC.S.JRIOPRETOPLANTaO;DEL.SEC.S.JOSEDORIOPRETO;DEINTER5-SAOJOSEDORIOPRETO;20/01/2022;17:43:00;Comercioeserviços;RUACORONELSPÍNOLACASTRO;Vitima;Feminino;35.0;12/09/1986;Branca;CONTROLADOR(A)DEQUALIDADE
DEINTER6;SECItanhaem;Peruibe;DM-Peruibe;1;40208;1;2022;01/01/2022;9;2022;PERUIBE;DEL.POL.PERUIBE;DEL.SEC.ITANHAEM;DEINTER6-SANTOS;01/01/2022;09:50:00;Viapublica;AVENIDAPADREANCHIETA;Vitima;Feminino;47.0;26/09/1974;Parda;Não informado
DEINTER7;SECItapeva;Buri;DM-Buri;1;120400;1;2022;08/01/2022;99;2022;BURI;DEL.SEC.ITAPEVAPLANTaO;DEL.SEC.ITAPEVA;DEINTER7-SOROCABA;08/01/2022;EMHORAINCERTA;Residencia;DAVEDAÇaODADIVULGAÇaODOSDADOSRELATIVOS;Vitima;Feminino;52.0;23/10/1969;Branca;Não informado
DEINTER8;SECAssis;PedrinhasPaulista;DM-PedrinhasPta.;1;80125;1;2022;07/01/2022;1;2022;PEDRINHASPAULISTA;DEL.POL.PEDRINHASPAULISTA;DEL.SEC.ASSIS;DEINTER8-PRESIDENTEPRUDENTE;07/01/2022;15:00:00;Viapublica;AVENIDAMONSENHORERNESTOMONTANGNER;Vitima;Feminino;40.0;03/02/1981;Branca;Não informado
DEINTER9;SECSaoJoaoBoaVista;VargemGrandedoSul;DM-VargemGrandedoSul;1;70700;1;2022;17/01/2022;167;2022;VARGEMGRANDEDOSUL;DEL.SEC.S.JOAODABOAVISTA;DEL.SEC.S.JOaODABOAVISTA;DEINTER9-PIRACICABA;17/01/2022;19:13:00;Residencia;DAVEDAÇaODADIVULGAÇaODOSDADOSRELATIVOS;Vitima;Feminino;46.0;06/02/1975;Branca;Não informado
DEMACRO;SECTaboaodaSerra;Juquitiba;DM-Juquitiba;1;30409;1;2022;04/01/2022;10;2022;JUQUITIBA;DEL.POL.JUQUITIBA;DEL.SEC.TABOaODASERRA;DEMACRO;04/01/2022;11:50:00;Unidaderural;ESTRADAMEIALÉGUA;Vitima;Feminino;55.0;05/04/1966;Parda;Não informado
DEMACRO;SECOsasco;Osasco;002DP-Osasco;1;30412;1;2022;21/01/2022;96;2022;OSASCO;02ºD.P.OSASCO;DEL.SEC.OSASCO;DEMACRO;14/01/2022;ANOITE;Residencia;DAVEDAÇaODADIVULGAÇaODOSDADOSRELATIVOS;Vitima;Feminino;19.0;25/06/2002;Ignorada;ESTUDANTE
DEMACRO;SECGuarulhos;Guarulhos;007DP-Guarulhos;1;30217;1;2022;31/01/2022;408;2022;GUARULHOS;07ºD.P.GUARULHOS;DEL.SEC.GUARULHOS;DEMACRO;31/01/2022;18:22:00;Residencia;DAVEDAÇaODADIVULGAÇaODOSDADOSRELATIVOS;Vitima;Feminino;37.0;09/09/1984;Preta;Não informado
DEMACRO;SECDiadema;Diadema;001DP-Diadema;1;30127;1;2022;15/01/2022;175;2022;DIADEMA;03ºD.P.DIADEMA;DEL.SEC.DIADEMA;DEMACRO;15/01/2022;10:42:00;Comercioeserviços;RUACAETÉS;Vitima;Feminino;39.0;13/11/1982;Branca;Não informado
DEMACRO;SECMogidasCruzes;Itaquaquecetuba;DM-Itaquaquecetuba;1;30304;1;2022;30/01/2022;458;2022;ITAQUAQUECETUBA;DEL.POL.ITAQUAQUECETUBA;DEL.SEC.MOGIDASCRUZES;DEMACRO;30/01/2022;03:40:00;Residencia;DAVEDAÇaODADIVULGAÇaODOSDADOSRELATIVOS;Vitima;Feminino;35.0;11/04/1986;Parda;NAOINFORMADA
DECAP;6ªSEC;SaoPaulo;092DP-ParqueSantoAntonio;1;10247;2;2022;09/02/2022;1177;2022;S.PAULO;47ºD.P.CAPAOREDONDO;DEL.SEC.6ºSANTOAMARO;DECAP;09/02/2022;DEMADRUGADA;Residencia;DAVEDAÇaODADIVULGAÇaODOSDADOSRELATIVOS;Vitima;Feminino;26.0;25/07/1995;Branca;Não informado
DECAP;4ªSEC;SaoPaulo;073DP-Jaçana;1;10336;2;2022;20/02/2022;1291;2022;S.PAULO;73ºD.P.JACANA;DEL.SEC.4ºNORTE;DECAP;20/02/2022;09:56:00;Residencia;DAVEDAÇaODADIVULGAÇaODOSDADOSRELATIVOS;Vitima;Feminino;37.0;17/07/1984;Branca;Não informado
DEINTER10;SECAraçatuba;Penapolis;DM-Penapolis;1;50303;2;2022;17/02/2022;113;2022;PENAPOLIS;DDMPENAPOLIS;DEL.SEC.ARACATUBA;DEINTER10-ARAÇATUBA;14/02/2022;13:30:00;Residencia;DAVEDAÇaODADIVULGAÇaODOSDADOSRELATIVOS;Vitima;Feminino;1.0;06/11/2020;Branca;Não informado
DEINTER3;SECBebedouro;TerraRoxa;DM-TerraRoxa;1;100912;2;2022;28/02/2022;488;2022;TERRAROXA;DEL.POL.PLANTaOBEBEDOURO;DEL.SEC.BEBEDOURO;DEINTER3-RIBEIRAOPRETO;27/02/2022;19:00:00;Restauranteeafins;RUADOUTOROSVALDOPRUDENTECORRÊA;Vitima;Feminino;26.0;23/01/1996;Branca;Não informado
DEINTER4;SECBauru;Ubirajara;DM-Ubirajara;1;60004;2;2022;07/02/2022;72;2022;UBIRAJARA;DEL.SEC.BAURUPLSUB-REG;DEL.SEC.BAURU;DEINTER4-BAURU;07/02/2022;04:55:00;Residencia;DAVEDAÇaODADIVULGAÇaODOSDADOSRELATIVOS;Vitima;Feminino;35.0;25/02/1986;Branca;MANICURE
DEINTER5;SECSaoJoseRioPreto;Palestina;DM-Palestina;1;110421;2;2022;09/02/2022;62;2022;PALESTINA;DEL.POL.PALESTINA;DEL.SEC.S.JOSEDORIOPRETO;DEINTER5-SAOJOSEDORIOPRETO;09/02/2022;PELAMANHa;Residencia;DAVEDAÇaODADIVULGAÇaODOSDADOSRELATIVOS;Vitima;Feminino;33.0;13/03/1988;Branca;COSTUREIRO(A)
DEINTER6;SECPraiaGrande;SaoVicente;003DP-SaoVicente;1;40217;2;2022;18/02/2022;389;2022;S.VICENTE;DEL.POL.S.VICENTE;DEL.SEC.PRAIAGRANDE;DEINTER6-SANTOS;18/02/2022;01:58:00;Residencia;DAVEDAÇaODADIVULGAÇaODOSDADOSRELATIVOS;Vitima;Feminino;46.0;24/07/1975;Branca;NAOINFORMADA
DEINTER7;SECSorocaba;Ibiuna;DM-Ibiuna;1;120505;2;2022;18/02/2022;400;2022;IBIUNA;DEL.POL.IBIÚNA;DEL.SEC.SOROCABA;DEINTER7-SOROCABA;16/02/2022;23:20:00;Saude;AVENIDAGABRIELMONTEIRODASILVA;Vitima;Feminino;34.0;23/12/1987;Branca;Não informado
DEINTER8;SECDracena;Junqueiropolis;DM-Junqueiropolis;1;90622;2;2022;12/02/2022;455;2022;JUNQUEIROPOLIS;DEL.SEC.DRACENAPLANTaO;DEL.SEC.DRACENA;DEINTER8-PRESIDENTEPRUDENTE;11/02/2022;23:48:00;Residencia;DAVEDAÇaODADIVULGAÇaODOSDADOSRELATIVOS;Vitima;Feminino;44.0;27/01/1978;Branca;Não informado
DEINTER9;SECLimeira;Limeira;002DP-Limeira;1;70923;2;2022;22/02/2022;475;2022;LIMEIRA;DEL.SEC.LIMEIRAPLANTaO;DEL.SEC.LIMEIRA;DEINTER9-PIRACICABA;22/02/2022;19:30:00;Residencia;DAVEDAÇaODADIVULGAÇaODOSDADOSRELATIVOS;Vitima;Feminino;42.0;23/11/1979;Branca;AUXILIARDEPRODUCAO
DEMACRO;SECMogidasCruzes;FerrazdeVasconcelos;DM-FerrazdeVasconcelos;1;30302;2;2022;04/02/2022;345;2022;FERRAZDEVASCONCELOS;DEL.POL.FERRAZDEVASCONCELOS;DEL.SEC.MOGIDASCRUZES;DEMACRO;04/02/2022;16:39:00;Residencia;DAVEDAÇaODADIVULGAÇaODOSDADOSRELATIVOS;Vitima;Feminino;27.0;22/04/1994;Parda;NAOINFORMADA
DECAP;7ªSEC;SaoPaulo;024DP-PonteRasa;1;20224;3;2022;18/03/2022;1432;2022;S.PAULO;24ºD.P.PONTERASA;DEL.SEC.7ºITAQUERA;DECAP;17/03/2022;00:30:00;Residencia;DAVEDAÇaODADIVULGAÇaODOSDADOSRELATIVOS;Vitima;Feminino;54.0;17/05/1967;Branca;APOSENTADO(A)
DEINTER10;SECAndradina;Mirandopolis;DM-Mirandopolis;1;50100;3;2022;13/03/2022;442;2022;MIRANDOPOLIS;DEL.SEC.ANDRADINA;DEL.SEC.ANDRADINA;DEINTER10-ARAÇATUBA;13/03/2022;16:00:00;Estabelecimentoprisional;AVENIDAOSVALDOBRANDIDEFARIA;Vitima;Feminino;31.0;04/02/1991;Branca;Não informado
DEINTER2;SECBragançaPaulista;SerraNegra;DM-SerraNegra;1;70112;3;2022;09/03/2022;474;2022;SERRANEGRA;DEL.POL.SERRANEGRA;DEL.SEC.BRAGANÇAPAULISTA;DEINTER2-CAMPINAS;08/03/2022;16:00:00;Areanaoocupada;ruajosefonseca;EncontrodeCadaver;Feminino;34.0;12/09/1987;Branca;Não informado
DEINTER2;1ªSeccionalCampinas;Campinas;010DP-Campinas;1;120557;3;2022;15/03/2022;491;2022;CAMPINAS;PLANTaO-DEF.MUL.CAMPINAS-2ªSEC;DEL.SEC.2ºCAMPINAS;DEINTER2-CAMPINAS;15/03/2022;EMHORAINCERTA;Residencia;DAVEDAÇaODADIVULGAÇaODOSDADOSRELATIVOS;Vitima;Feminino;31.0;15/08/1990;Branca;ESTUDANTE
DEINTER3;SECSaoCarlos;PortoFerreira;DM-PortoFerreira;1;100525;3;2022;10/03/2022;169;2022;PORTOFERREIRA;DEL.POL.PLANTaOPORTOFERREIRA;DEL.SEC.SAOCARLOS;DEINTER3-RIBEIRAOPRETO;10/03/2022;18:30:00;Viapublica;RUADELMIRATAVARES;Vitima;Feminino;63.0;04/01/1959;Branca;PROFESSOR(A)
DEINTER3;SECAraraquara;Matao;001DP-Matao;1;100129;3;2022;23/03/2022;35;2022;MATAO;DDMMATAO;DEL.SEC.ARARAQUARA;DEINTER3-RIBEIRAOPRETO;23/03/2022;13:35:00;Residencia;DAVEDAÇaODADIVULGAÇaODOSDADOSRELATIVOS;Vitima;Feminino;41.0;04/08/1980;Parda;PRENDASDOMESTICAS
DEINTER3;SECAraraquara;AmericoBrasiliense;DM-AmericoBrasiliense;1;100908;3;2022;27/03/2022;1108;2022;AMERICOBRASILIENSE;DEL.SEC.ARARAQUARAPLANTaO;DEL.SEC.ARARAQUARA;DEINTER3-RIBEIRAOPRETO;27/03/2022;06:16:00;Residencia;DAVEDAÇaODADIVULGAÇaODOSDADOSRELATIVOS;Vitima;Feminino;29.0;26/07/1992;Parda;EMBALADOR(A)
DEINTER4;SECLins;Lins;003DP-Lins;1;60405;3;2022;09/03/2022;1266;2022;LINS;CPJLINS;DEL.SEC.LINS;DEINTER4-BAURU;09/03/2022;01:30:00;Residencia;DAVEDAÇaODADIVULGAÇaODOSDADOSRELATIVOS;Vitima;Feminino;21.0;14/11/2000;Branca;Não informado
DEINTER5;SECSaoJoseRioPreto;SaoJosedoRioPreto;004DP-SaoJosedoRioPreto;1;110429;3;2022;26/03/2022;2440;2022;S.JOSEDORIOPRETO;DEL.SEC.S.JRIOPRETOPLANTaO;DEL.SEC.S.JOSEDORIOPRETO;DEINTER5-SAOJOSEDORIOPRETO;26/03/2022;10:45:00;Residencia;DAVEDAÇaODADIVULGAÇaODOSDADOSRELATIVOS;Vitima;Feminino;45.0;06/08/1976;Branca;PRENDASDOMESTICAS
DEINTER5;SECSaoJoseRioPreto;MonteAprazivel;DM-MonteAprazivel;1;110413;3;2022;18/03/2022;942;2022;MONTEAPRAZIVEL;DEL.POL.MIRASSOL;DEL.SEC.S.JOSEDORIOPRETO;DEINTER5-SAOJOSEDORIOPRETO;17/03/2022;23:30:00;Viapublica;RUACONSTANTINODECARVALHO;Vitima;Feminino;42.0;02/10/1979;Parda;Não informado
DEINTER6;SECSantos;Guaruja;002DP-Guaruja;1;40203;3;2022;14/03/2022;1426;2022;GUARUJA;DEL.POL.GUARUJA;DEL.SEC.SANTOS;DEINTER6-SANTOS;14/03/2022;01:00:00;Residencia;DAVEDAÇaODADIVULGAÇaODOSDADOSRELATIVOS;Vitima;Feminino;34.0;16/12/1987;Branca;Não informado
DEINTER8;SECDracena;Dracena;001DP-Dracena;1;90622;3;2022;18/03/2022;873;2022;DRACENA;DEL.SEC.DRACENAPLANTaO;DEL.SEC.DRACENA;DEINTER8-PRESIDENTEPRUDENTE;18/03/2022;08:30:00;Residencia;DAVEDAÇaODADIVULGAÇaODOSDADOSRELATIVOS;Vitima;Feminino;42.0;22/05/1979;Parda;Não informado
DEINTER9;SECPiracicaba;Piracicaba;001DP-Piracicaba;1;70538;3;2022;24/03/2022;434;2022;PIRACICABA;DDMPIRACICABA;DEL.SEC.PIRACICABA;DEINTER9-PIRACICABA;24/03/2022;16:09:00;Viapublica;RUAAJUDANTEALBANO;Vitima;Feminino;41.0;26/04/1980;Branca;Não informado
DEMACRO;SECTaboaodaSerra;TaboaodaSerra;002DP-TaboaodaSerra;1;30614;3;2022;06/03/2022;806;2022;TABOAODASERRA;01ºD.P.TABOaODASERRA;DEL.SEC.TABOaODASERRA;DEMACRO;06/03/2022;17:00:00;Viapublica;TRAVESSAESPLANADA;Vitima;Feminino;29.0;15/01/1993;Branca;PRENDASDOMESTICAS
DEMACRO;SECSaoBernardoCampo;SaoBernardodoCampo;006DP-SaoBernardodoCampo;1;30109;3;2022;05/03/2022;961;2022;S.BERNARDODOCAMPO;01ºD.P.S.B.C-DROMARCASSIM;DEL.SEC.S.BERNARDODOCAMPO;DEMACRO;05/03/2022;04:10:00;Residencia;DAVEDAÇaODADIVULGAÇaODOSDADOSRELATIVOS;Vitima;Feminino;33.0;28/06/1988;Parda;AJUDANTEDECOZINHA
DEMACRO;SECMogidasCruzes;FerrazdeVasconcelos;DM-FerrazdeVasconcelos;1;30302;3;2022;30/03/2022;861;2022;FERRAZDEVASCONCELOS;DEL.POL.FERRAZDEVASCONCELOS;DEL.SEC.MOGIDASCRUZES;DEMACRO;30/03/2022;00:20:00;Viapublica;RUASANTADURVALINA;Vitima;Feminino;22.0;27/10/1999;Parda;Não informado
DEMACRO;SECFrancodaRocha;FranciscoMorato;DM-FranciscoMorato;1;30203;3;2022;04/03/2022;886;2022;FRANCISCOMORATO;DEL.POL.FRANCISCOMORATO;DEL.SEC.FRANCODAROCHA;DEMACRO;03/03/2022;23:50:00;Residencia;DAVEDAÇaODADIVULGAÇaODOSDADOSRELATIVOS;Vitima;Feminino;50.0;21/06/1971;Branca;PRENDASDOMESTICAS
DEMACRO;SECCarapicuiba;Itapevi;DM-Itapevi;1;30613;3;2022;09/03/2022;502;2022;ITAPEVI;DDMBARUERI;DEL.SEC.CARAPICUIBA;DEMACRO;09/03/2022;02:45:00;Residencia;DAVEDAÇaODADIVULGAÇaODOSDADOSRELATIVOS;Vitima;Feminino;37.0;12/02/1985;Parda;AUXILIARDELIMPEZA
DEMACRO;SECCarapicuiba;Barueri;DM-Barueri;1;30613;3;2022;13/03/2022;536;2022;BARUERI;DDMBARUERI;DEL.SEC.CARAPICUIBA;DEMACRO;13/03/2022;09:30:00;Residencia;DAVEDAÇaODADIVULGAÇaODOSDADOSRELATIVOS;Vitima;Feminino;25.0;15/07/1996;Parda;GARÇON(ETE)
DECAP;7ªSEC;SaoPaulo;024DP-PonteRasa;1;20210;4;2022;28/04/2022;1748;2022;S.PAULO;10ºD.P.PENHADEFRANCA;DEL.SEC.5ºLESTE;DECAP;28/04/2022;01:05:00;Residencia;DAVEDAÇaODADIVULGAÇaODOSDADOSRELATIVOS;Vitima;Feminino;36.0;21/01/1986;Preta;PRENDASDOMESTICAS
DECAP;6ªSEC;SaoPaulo;085DP-JardimMirna;1;10374;4;2022;01/04/2022;1604;2022;S.PAULO;101ºD.P.JDIMIMBUIAS;DEL.SEC.6ºSANTOAMARO;DECAP;31/03/2022;23:45:00;Viapublica;RuaForçaPopular;Vitima;Feminino;35.0;02/05/1986;Parda;Não informado
DECAP;4ªSEC;SaoPaulo;074DP-Jaragua;1;20103;4;2022;11/04/2022;1489;2022;S.PAULO;04ªDDMNORTE;DEL.SEC.4ºNORTE;DECAP;11/04/2022;11:28:00;Viapublica;RUATOMASNABUCO;Vitima;Feminino;40.0;22/07/1981;Branca;COMERCIANTE
DECAP;2ªSEC;SaoPaulo;083DP-ParqueBristol;1;10226;4;2022;09/04/2022;1553;2022;S.PAULO;26ºD.P.SACOMA;DEL.SEC.2ºSUL;DECAP;08/04/2022;23:48:00;Residencia;DAVEDAÇaODADIVULGAÇaODOSDADOSRELATIVOS;Vitima;Feminino;52.0;06/02/1970;Branca;PRENDASDOMESTICAS
DEINTER1;SECSaoJoseCampos;SaoJosedosCampos;006DP-SaoJosedosCampos;1;130323;4;2022;19/04/2022;1001;2022;S.JOSEDOSCAMPOS;DEL.POL.CAÇAPAVA;DEL.SEC.S.JOSÉDOSCAMPOS;DEINTER1-SAOJOSEDOSCAMPOS;19/04/2022;17:42:00;Residencia;DAVEDAÇaODADIVULGAÇaODOSDADOSRELATIVOS;Vitima;Feminino;36.0;15/05/1985;Branca;Não informado
DEINTER6;SECSantos;Guaruja;DM-Guaruja;1;40203;4;2022;10/04/2022;1955;2022;GUARUJA;DEL.POL.GUARUJA;DEL.SEC.SANTOS;DEINTER6-SANTOS;10/04/2022;11:37:00;Residencia;DAVEDAÇaODADIVULGAÇaODOSDADOSRELATIVOS;Vitima;Feminino;30.0;18/07/1991;Parda;DESEMPREGADO(A)
DEINTER6;SECSantos;Cubatao;003DP-Cubatao;1;40405;4;2022;04/04/2022;84;2022;CUBATAO;DDMCUBATAO;DEL.SEC.SANTOS;DEINTER6-SANTOS;04/04/2022;17:40:00;Saude;RUADASPRIMAVERAS;Vitima;Feminino;29.0;14/12/1992;Parda;ANALISTA
DEINTER6;SECItanhaem;Itanhaem;002DP-Itanhaem;1;40410;4;2022;18/04/2022;36;2022;ITANHAEM;DEL.INV.GER.ITANHAEM;DEL.SEC.ITANHAEM;DEINTER6-SANTOS;17/04/2022;EMHORAINCERTA;Residencia;DAVEDAÇaODADIVULGAÇaODOSDADOSRELATIVOS;Vitima;Feminino;24.0;22/09/1997;Branca;FAXINEIRO(A)
DEINTER8;SECPresidentePrudente;ÁlvaresMachado;DM-ÁlvaresMachado;1;90202;4;2022;07/04/2022;329;2022;ALVARESMACHADO;DEL.POL.ALVARESMACHADO;DEL.SEC.PRESIDENTEPRUDENTE;DEINTER8-PRESIDENTEPRUDENTE;07/04/2022;PELAMANHa;Residencia;DAVEDAÇaODADIVULGAÇaODOSDADOSRELATIVOS;Vitima;Feminino;32.0;17/01/1990;Branca;Não informado
DEMACRO;SECOsasco;Osasco;003DP-Osasco;1;30418;4;2022;15/04/2022;2038;2022;OSASCO;05ºD.P.OSASCO;DEL.SEC.OSASCO;DEMACRO;15/04/2022;00:14:00;Residencia;DAVEDAÇaODADIVULGAÇaODOSDADOSRELATIVOS;Vitima;Feminino;29.0;10/05/1992;Branca;Não informado
DECAP;5ªSEC;SaoPaulo;056DP-VilaAlpina;1;10310;5;2022;25/05/2022;2350;2022;S.PAULO;56ºD.P.VILAALPINA;DEL.SEC.5ºLESTE;DECAP;25/05/2022;00:13:00;Viapublica;RUAINDAIA;Vitima;Feminino;59.0;08/10/1962;Branca;APOSENTADO(A)
DECAP;8ªSEC;SaoPaulo;049DP-SaoMateus;1;20249;5;2022;02/05/2022;3278;2022;S.PAULO;49ºD.P.SAOMATEUS;DEL.SEC.8ºSAOMATEUS;DECAP;02/05/2022;11:59:00;Viapublica;RUABOMPASTOR;Vitima;Feminino;29.0;12/05/1992;Branca;Não informado
DEINTER1;SECTaubate;Pindamonhangaba;DM-Pindamonhangaba;1;140004;5;2022;21/05/2022;122;2022;TAUBATE;DEIC-TAUBATE;DEL.SEC.TAUBATÉ;DEINTER1-SAOJOSEDOSCAMPOS;20/05/2022;21:10:00;Viapublica;RUADOSBENTOS;Vitima;Feminino;19.0;21/03/2003;Branca;Não informado
DEINTER3;SECRibeiraoPreto;RibeiraoPreto;002DP-RibeiraoPreto;1;100919;5;2022;15/05/2022;4458;2022;RIBEIRAOPRETO;CPJRIBEIRAOPRETO;DEL.SEC.RIBEIRAOPRETO;DEINTER3-RIBEIRAOPRETO;15/05/2022;04:37:00;Residencia;DAVEDAÇaODADIVULGAÇaODOSDADOSRELATIVOS;Vitima;Feminino;26.0;28/08/1995;Branca;Não informado
DEINTER3;SECFranca;Igarapava;DM-Igarapava;1;100306;5;2022;10/05/2022;537;2022;IGARAPAVA;DEL.POL.IGARAPAVA;DEL.SEC.FRANCA;DEINTER3-RIBEIRAOPRETO;10/05/2022;06:30:00;Residencia;DAVEDAÇaODADIVULGAÇaODOSDADOSRELATIVOS;Vitima;Feminino;38.0;30/05/1983;Parda;SEGURANCA
DEINTER5;SECCatanduva;SantaAdelia;DM-Sta.Adelia;1;110708;5;2022;01/05/2022;2512;2022;CATANDUVA;DEL.SEC.CATANDUVAPLANTaO;DEL.SEC.CATANDUVA;DEINTER5-SAOJOSEDORIOPRETO;01/05/2022;15:00:00;Residencia;DAVEDAÇaODADIVULGAÇaODOSDADOSRELATIVOS;Vitima;Feminino;44.0;29/08/1977;Branca;PRENDASDOMESTICAS
DEINTER7;SECAvare;Taquarituba;DM-Taquarituba;1;120129;5;2022;25/05/2022;1660;2022;AVARE;DEL.SEC.AVAREPLANTaO;DEL.SEC.AVARE;DEINTER7-SOROCABA;24/05/2022;11:54:00;Residencia;DAVEDAÇaODADIVULGAÇaODOSDADOSRELATIVOS;Vitima;Feminino;6.0;26/06/2015;Parda;Não informado
DEINTER7;SECAvare;Taquarituba;DM-Taquarituba;1;120129;5;2022;25/05/2022;1660;2022;AVARE;DEL.SEC.AVAREPLANTaO;DEL.SEC.AVARE;DEINTER7-SOROCABA;24/05/2022;11:54:00;Residencia;DAVEDAÇaODADIVULGAÇaODOSDADOSRELATIVOS;Vitima;Feminino;5.0;25/12/2016;Parda;Não informado
DEINTER8;SECDracena;Dracena;002DP-Dracena;1;90622;5;2022;20/05/2022;1598;2022;DRACENA;DEL.SEC.DRACENAPLANTaO;DEL.SEC.DRACENA;DEINTER8-PRESIDENTEPRUDENTE;19/05/2022;18:05:00;Residencia;DAVEDAÇaODADIVULGAÇaODOSDADOSRELATIVOS;Vitima;Feminino;35.0;21/12/1986;Branca;Não informado
DEMACRO;SECTaboaodaSerra;ItapecericadaSerra;DM-ItapecericadaSerra;1;30406;5;2022;21/05/2022;1753;2022;ITAPECERICADASERRA;DEL.POL.ITAPECERICADASERRA;DEL.SEC.TABOaODASERRA;DEMACRO;20/05/2022;20:30:00;Areanaoocupada;RUACAMPESTRE;Vitima;Feminino;31.0;03/07/1990;Parda;Não informado
DEMACRO;SECCarapicuiba;SantanadeParnaiba;DM-SantanadoParnaiba;1;30613;5;2022;01/05/2022;901;2022;BARUERI;DDMBARUERI;DEL.SEC.CARAPICUIBA;DEMACRO;01/05/2022;04:00:00;Rodovia/Estrada;ESTRADADOVAUNOVO;Vitima;Feminino;36.0;04/08/1985;Branca;Não informado
DEMACRO;SECCarapicuiba;Itapevi;DM-Itapevi;1;30613;5;2022;05/05/2022;934;2022;BARUERI;DDMBARUERI;DEL.SEC.CARAPICUIBA;DEMACRO;04/05/2022;ANOITE;Residencia;DAVEDAÇaODADIVULGAÇaODOSDADOSRELATIVOS;Vitima;Feminino;26.0;27/06/1995;Parda;Não informado
DECAP;3ªSEC;SaoPaulo;089DP-PortaldoMorumbi;1;10356;6;2022;28/06/2022;4146;2022;S.PAULO;89ºD.P.JARDIMTABOAO;DEL.SEC.3ºOESTE;DECAP;28/06/2022;07:04:00;Viapublica;RUASEBASTIAOFRANCISCO;Vitima;Feminino;23.0;28/07/1998;Parda;AUXILIARDELIMPEZA
DEINTER1;SECSaoJoseCampos;Caçapava;DM-Caçapava;1;130323;6;2022;02/06/2022;1419;2022;CACAPAVA;DEL.POL.CAÇAPAVA;DEL.SEC.S.JOSÉDOSCAMPOS;DEINTER1-SAOJOSEDOSCAMPOS;02/06/2022;01:36:00;Viapublica;RUAMONTEIROLOBATO;Vitima;Feminino;34.0;06/11/1987;Branca;Não informado
DEINTER2;SECMogi-Guaçu;MogiGuaçu;003DP-Mogi-Guaçu;1;70907;6;2022;20/06/2022;307;2022;MOGI-GUACU;DDMMOGIGUAÇU;DEL.SEC.MOGIGUAÇU;DEINTER2-CAMPINAS;20/06/2022;13:00:00;Residencia;DAVEDAÇaODADIVULGAÇaODOSDADOSRELATIVOS;Vitima;Feminino;32.0;23/03/1990;Branca;TECNICOEMENFERMAGEM
DEINTER4;SECBauru;Bauru;003DP-Bauru;1;60050;6;2022;01/07/2022;7340;2022;BAURU;DEL.SEC.BAURUPLANTaO;DEL.SEC.BAURU;DEINTER4-BAURU;30/06/2022;21:20:00;Viapublica;RUAAVIADORMARIOFUNDAGEMNOGUEIRA;Vitima;Feminino;52.0;18/06/1970;Branca;Não informado
DEINTER4;SECMarilia;Marilia;001DP-Marilia;1;80504;6;2022;19/06/2022;5162;2022;MARILIA;DEL.SEC.MARÍLIAPLANTaO;DEL.SEC.MARILIA;DEINTER4-BAURU;19/06/2022;07:30:00;Residencia;DAVEDAÇaODADIVULGAÇaODOSDADOSRELATIVOS;Vitima;Feminino;81.0;01/07/1940;Amarela;Não informado
DEINTER7;SECSorocaba;AraçoiabadaSerra;DM-AraçoibadaSerra;1;120611;6;2022;25/06/2022;1568;2022;VOTORANTIM;DEL.POL.PLANTaOVOTORANTIM;DEL.SEC.SOROCABA;DEINTER7-SOROCABA;25/06/2022;13:45:00;Viapublica;EstradadeServidao;Vitima;Feminino;45.0;29/04/1977;Branca;Não informado
DEINTER8;SECPresidenteVenceslau;PresidenteEpitacio;DM-PresidenteEpitacio;1;90627;6;2022;18/06/2022;964;2022;PRESIDENTEEPITACIO;DEL.POL.PLANTaOPRES.EPITACIO;DEL.SEC.PRESIDENTEVENCESLAU;DEINTER8-PRESIDENTEPRUDENTE;18/06/2022;17:30:00;Residencia;DAVEDAÇaODADIVULGAÇaODOSDADOSRELATIVOS;Vitima;Feminino;35.0;01/12/1986;Preta;Não informado
DEINTER9;SECLimeira;Araras;001DP-Araras;1;70805;6;2022;18/06/2022;2552;2022;ARARAS;DEL.POL.ARARAS;DEL.SEC.LIMEIRA;DEINTER9-PIRACICABA;17/06/2022;19:30:00;Viapublica;RuaEdmarLuz;Vitima;Feminino;55.0;13/02/1967;Preta;CATADORMATERIALRECICLAVEL
DEINTER9;SECLimeira;Limeira;002DP-Limeira;1;70923;6;2022;02/06/2022;1625;2022;LIMEIRA;DEL.SEC.LIMEIRAPLANTaO;DEL.SEC.LIMEIRA;DEINTER9-PIRACICABA;01/06/2022;20:10:00;Unidaderural;RETORNORODOVIALIMEIRA-PIRACICABA;Vitima;Feminino;52.0;27/10/1969;Branca;AUXILIARDESERVIÇOSGERAIS
DEMACRO;SECCarapicuiba;SantanadeParnaiba;DM-SantanadoParnaiba;1;30613;6;2022;17/06/2022;1297;2022;BARUERI;DDMBARUERI;DEL.SEC.CARAPICUIBA;DEMACRO;17/06/2022;04:35:00;Viapublica;ESTRADASÍTIODOMOINHO;Vitima;Feminino;22.0;27/08/1999;Parda;Não informado
DEMACRO;SECDiadema;Diadema;002DP-Diadema;1;30123;6;2022;27/06/2022;1012;2022;DIADEMA;02ºD.P.DIADEMA;DEL.SEC.DIADEMA;DEMACRO;27/06/2022;06:15:00;Viapublica;RUABOCAIÚVA;Vitima;Feminino;33.0;25/10/1988;Branca;AUTONOMO(A)
DECAP;1ªSEC;SaoPaulo;001DP-Se;1;10109;7;2022;25/07/2022;2420;2022;S.PAULO;01ªDDMCENTRO;DEL.SEC.1ºCENTRO;DECAP;24/07/2022;16:20:00;Residencia;DAVEDAÇaODADIVULGAÇaODOSDADOSRELATIVOS;Vitima;Feminino;34.0;09/05/1988;Parda;Não informado
DECAP;6ªSEC;SaoPaulo;102DP-Socorro;1;10601;7;2022;19/07/2022;3804;2022;S.PAULO;06ªDDMSANTOAMARO;DEL.SEC.6ºSANTOAMARO;DECAP;18/07/2022;22:25:00;Viapublica;RUAFRANKMARTIM;Vitima;Feminino;39.0;22/01/1983;Branca;AUTONOMO(A)
DECAP;8ªSEC;SaoPaulo;069DP-TeotonioVilela;1;10362;7;2022;14/07/2022;4490;2022;S.PAULO;69ºD.P.TEOTONIOVILELA;DEL.SEC.8ºSAOMATEUS;DECAP;13/07/2022;23:00:00;Viapublica;RuaJoaquimGouveiaFranco;Vitima;Feminino;30.0;01/03/1992;Branca;POLICIALMILITAR
DEINTER1;SECSaoSebastiao;Caraguatatuba;001DP-Caraguatatuba;1;40301;7;2022;16/07/2022;2350;2022;CARAGUATATUBA;DEL.POL.CARAGUATATUBA;DEL.SEC.S.SEBASTIAO;DEINTER1-SAOJOSEDOSCAMPOS;15/07/2022;23:07:00;Residencia;DAVEDAÇaODADIVULGAÇaODOSDADOSRELATIVOS;Vitima;Feminino;47.0;28/07/1974;Parda;Não informado
DEINTER2;2ªSeccionalCampinas;Campinas;008DP-Campinas;1;120557;7;2022;18/07/2022;1252;2022;CAMPINAS;PLANTaO-DEF.MUL.CAMPINAS-2ªSEC;DEL.SEC.2ºCAMPINAS;DEINTER2-CAMPINAS;17/07/2022;20:30:00;Residencia;DAVEDAÇaODADIVULGAÇaODOSDADOSRELATIVOS;Vitima;Feminino;34.0;23/02/1988;Branca;Não informado
DEINTER2;2ªSeccionalCampinas;Campinas;009DP-Campinas;1;120557;7;2022;29/07/2022;1306;2022;CAMPINAS;PLANTaO-DEF.MUL.CAMPINAS-2ªSEC;DEL.SEC.2ºCAMPINAS;DEINTER2-CAMPINAS;28/07/2022;17:00:00;Residencia;DAVEDAÇaODADIVULGAÇaODOSDADOSRELATIVOS;Vitima;Feminino;55.0;09/04/1967;Branca;AUXILIARDELIMPEZA
DEINTER2;SECBragançaPaulista;PedraBela;DM-PedraBela;1;70929;7;2022;17/07/2022;3005;2022;BRAGANCAPAULISTA;DEL.SEC.BRAGANÇAPTAPLANTaO;DEL.SEC.BRAGANÇAPAULISTA;DEINTER2-CAMPINAS;16/07/2022;22:00:00;Viapublica;RUASEBASTIAOANTONIODELIMA;Vitima;Feminino;36.0;14/03/1986;Branca;Não informado
DEINTER3;SECRibeiraoPreto;RibeiraoPreto;003DP-RibeiraoPreto;1;100919;7;2022;05/07/2022;6185;2022;RIBEIRAOPRETO;CPJRIBEIRAOPRETO;DEL.SEC.RIBEIRAOPRETO;DEINTER3-RIBEIRAOPRETO;05/07/2022;16:12:00;Residencia;DAVEDAÇaODADIVULGAÇaODOSDADOSRELATIVOS;Vitima;Feminino;24.0;17/03/1998;Branca;CABELEIREIRO(A)
DEINTER4;SECBauru;LençoisPaulista;DM-LençoisPaulista;1;60004;7;2022;16/07/2022;469;2022;BAURU;DEL.SEC.BAURUPLSUB-REG;DEL.SEC.BAURU;DEINTER4-BAURU;16/07/2022;05:25:00;Residencia;DAVEDAÇaODADIVULGAÇaODOSDADOSRELATIVOS;Vitima;Feminino;31.0;01/04/1991;Branca;Não informado
DEINTER4;SECLins;Lins;003DP-Lins;1;60405;7;2022;07/07/2022;3709;2022;LINS;CPJLINS;DEL.SEC.LINS;DEINTER4-BAURU;07/07/2022;10:44:00;Residencia;DAVEDAÇaODADIVULGAÇaODOSDADOSRELATIVOS;Vitima;Feminino;38.0;10/11/1983;Branca;AUXILIARDELIMPEZA
DEINTER5;SECNovoHorizonte;NovoHorizonte;DM-NovoHorizonte;1;110714;7;2022;13/07/2022;763;2022;NOVOHORIZONTE;DEL.POL.PLANTaONOVOHORIZONTE;DEL.SEC.NOVOHORIZONTE;DEINTER5-SAOJOSEDORIOPRETO;12/07/2022;21:50:00;Residencia;DAVEDAÇaODADIVULGAÇaODOSDADOSRELATIVOS;Vitima;Feminino;37.0;19/02/1985;Branca;Não informado
DEINTER6;SECItanhaem;Itanhaem;001DP-Itanhaem;1;40206;7;2022;27/07/2022;283;2022;ITANHAEM;DDMITANHAEM;DEL.SEC.ITANHAEM;DEINTER6-SANTOS;27/07/2022;13:48:00;Residencia;DAVEDAÇaODADIVULGAÇaODOSDADOSRELATIVOS;Vitima;Feminino;59.0;17/01/1963;Branca;Não informado
DEINTER7;SECItapeva;Guapiara;DM-Guapiara;1;120414;7;2022;15/07/2022;1525;2022;CAPAOBONITO;DEL.POL.CAPaOBONITO;DEL.SEC.ITAPEVA;DEINTER7-SOROCABA;15/07/2022;01:40:00;Viapublica;RUAJOSÉSOEIRODEOLIVEIRA;Vitima;Feminino;31.0;11/11/1990;Branca;Não informado
DEINTER9;SECLimeira;Pirassununga;001DP-Pirassununga;1;70814;7;2022;20/07/2022;1412;2022;PIRASSUNUNGA;01ºD.P.PIRASSUNUNGA;DEL.SEC.LIMEIRA;DEINTER9-PIRACICABA;20/07/2022;09:24:00;Residencia;DAVEDAÇaODADIVULGAÇaODOSDADOSRELATIVOS;Vitima;Feminino;27.0;03/03/1995;Parda;FISCAL
DEMACRO;SECFrancodaRocha;FranciscoMorato;DM-FranciscoMorato;1;30223;7;2022;19/07/2022;422;2022;FRANCISCOMORATO;DDMFRANCISCOMORATO;DEL.SEC.FRANCODAROCHA;DEMACRO;19/07/2022;16:21:00;Viapublica;RUADASMAGNÓLIAS;Vitima;Feminino;41.0;28/12/1980;Parda;FAXINEIRO(A)
DEMACRO;SECFrancodaRocha;FranciscoMorato;DM-FranciscoMorato;1;30203;7;2022;06/07/2022;2612;2022;FRANCISCOMORATO;DEL.POL.FRANCISCOMORATO;DEL.SEC.FRANCODAROCHA;DEMACRO;06/07/2022;06:40:00;Residencia;DAVEDAÇaODADIVULGAÇaODOSDADOSRELATIVOS;Vitima;Feminino;35.0;14/11/1986;Branca;DESEMPREGADO
DEMACRO;SECFrancodaRocha;FranciscoMorato;DM-FranciscoMorato;1;30203;7;2022;06/07/2022;2612;2022;FRANCISCOMORATO;DEL.POL.FRANCISCOMORATO;DEL.SEC.FRANCODAROCHA;DEMACRO;06/07/2022;06:40:00;Residencia;DAVEDAÇaODADIVULGAÇaODOSDADOSRELATIVOS;Vitima;Feminino;40.0;28/02/1982;Branca;DESEMPREGADO
DEMACRO;SECFrancodaRocha;FrancodaRocha;DM-FrancodaRocha;1;30204;7;2022;13/07/2022;1955;2022;FRANCODAROCHA;DEL.POL.FRANCOROCHA;DEL.SEC.FRANCODAROCHA;DEMACRO;12/07/2022;23:50:00;Viapublica;RUAOSCÁRSÉRGIOSCOLFARO;Vitima;Feminino;33.0;20/08/1988;Parda;Não informado
DEMACRO;SECOsasco;Osasco;008DP-Osasco;1;30418;7;2022;15/07/2022;3822;2022;OSASCO;05ºD.P.OSASCO;DEL.SEC.OSASCO;DEMACRO;15/07/2022;00:27:00;Viapublica;RUABERNARDINODECAMPOS;Vitima;Feminino;31.0;15/03/1991;Branca;OUTROS
DEMACRO;SECSantoAndre;SantoAndre;006DP-SantoAndre;1;30929;7;2022;22/07/2022;1821;2022;S.ANDRE;CPJSANTOANDRE;DEL.SEC.SANTOANDRÉ;DEMACRO;21/07/2022;21:05:00;Residencia;DAVEDAÇaODADIVULGAÇaODOSDADOSRELATIVOS;Vitima;Feminino;65.0;05/05/1957;Branca;MODELISTA
DECAP;4ªSEC;SaoPaulo;073DP-Jaçana;1;10336;8;2022;24/08/2022;6221;2022;S.PAULO;73ºD.P.JACANA;DEL.SEC.4ºNORTE;DECAP;23/08/2022;16:40:00;Residencia;DAVEDAÇaODADIVULGAÇaODOSDADOSRELATIVOS;Vitima;Feminino;58.0;25/08/1963;Parda;PRENDASDOMESTICAS
DECAP;6ªSEC;SaoPaulo;047DP-CapaoRedondo;1;10247;8;2022;09/08/2022;6897;2022;S.PAULO;47ºD.P.CAPAOREDONDO;DEL.SEC.6ºSANTOAMARO;DECAP;09/08/2022;05:54:00;Viapublica;RUAPETRASCO;Vitima;Feminino;52.0;25/01/1970;Parda;OUTROS
DECAP;7ªSEC;SaoPaulo;024DP-PonteRasa;1;20210;8;2022;08/08/2022;3395;2022;S.PAULO;10ºD.P.PENHADEFRANCA;DEL.SEC.5ºLESTE;DECAP;07/08/2022;21:59:00;Residencia;DAVEDAÇaODADIVULGAÇaODOSDADOSRELATIVOS;Vitima;Feminino;25.0;01/06/1997;Branca;CABELEIREIRO(A)
DECAP;7ªSEC;SaoPaulo;062DP-ErmelinoMatarazzo;1;20224;8;2022;05/08/2022;4182;2022;S.PAULO;24ºD.P.PONTERASA;DEL.SEC.7ºITAQUERA;DECAP;05/08/2022;05:30:00;Residencia;DAVEDAÇaODADIVULGAÇaODOSDADOSRELATIVOS;Vitima;Feminino;43.0;01/04/1979;Branca;Não informado
DEINTER1;SECTaubate;Pindamonhangaba;DM-Pindamonhangaba;1;130425;8;2022;05/08/2022;606;2022;PINDAMONHANGABA;DDMPINDAMONHANGABA;DEL.SEC.TAUBATÉ;DEINTER1-SAOJOSEDOSCAMPOS;05/08/2022;06:35:00;Residencia;DAVEDAÇaODADIVULGAÇaODOSDADOSRELATIVOS;Vitima;Feminino;58.0;16/06/1964;Branca;Não informado
DEINTER2;SECJundiai;Itatiba;001DP-Itatiba;1;70948;8;2022;01/08/2022;3081;2022;ITATIBA;DEL.POL.PLANTaOITATIBA;DEL.SEC.JUNDIAI;DEINTER2-CAMPINAS;01/08/2022;14:09:00;Residencia;DAVEDAÇaODADIVULGAÇaODOSDADOSRELATIVOS;Vitima;Feminino;49.0;05/07/1973;Branca;Não informado
DEINTER3;SECBarretos;Embauba;DM-Embauba;1;100230;8;2022;08/08/2022;31;2022;EMBAUBA;DEL.POL.EMBAÚBA;DEL.SEC.BARRETOS;DEINTER3-RIBEIRAOPRETO;08/08/2022;07:30:00;Residencia;DAVEDAÇaODADIVULGAÇaODOSDADOSRELATIVOS;Vitima;Feminino;43.0;18/04/1979;Parda;Não informado
DEINTER4;SECLins;Lins;003DP-Lins;1;60405;8;2022;08/08/2022;4383;2022;LINS;CPJLINS;DEL.SEC.LINS;DEINTER4-BAURU;07/08/2022;23:15:00;Residencia;DAVEDAÇaODADIVULGAÇaODOSDADOSRELATIVOS;Vitima;Feminino;30.0;19/05/1992;Preta;PRENDASDOMESTICAS
DEINTER5;SECSaoJoseRioPreto;NovaGranada;DM-NovaGranada;1;110417;8;2022;25/08/2022;866;2022;NOVAGRANADA;DEL.POL.NOVAGRANADA;DEL.SEC.S.JOSEDORIOPRETO;DEINTER5-SAOJOSEDORIOPRETO;24/08/2022;18:19:00;Residencia;DAVEDAÇaODADIVULGAÇaODOSDADOSRELATIVOS;Vitima;Feminino;0.0;0.0008811681772406848;Ignorada;Não informado
DEINTER7;SECItapeva;RibeiraoBranco;DM-Rib.Branco;1;120400;8;2022;02/08/2022;2828;2022;ITAPEVA;DEL.SEC.ITAPEVAPLANTaO;DEL.SEC.ITAPEVA;DEINTER7-SOROCABA;02/08/2022;18:29:00;Viapublica;RUACORONELJMACHADO;Vitima;Feminino;28.0;10/05/1994;Parda;VENDEDOR(A)
DEMACRO;SECCarapicuiba;Cotia;DM-Cotia;1;30434;8;2022;08/08/2022;458;2022;COTIA;DDMCOTIA;DEL.SEC.CARAPICUIBA;DEMACRO;08/08/2022;EMHORAINCERTA;Residencia;DAVEDAÇaODADIVULGAÇaODOSDADOSRELATIVOS;Vitima;Feminino;41.0;05/02/1981;Branca;COZINHEIRO(A)
DEMACRO;SECCarapicuiba;Itapevi;DM-Itapevi;1;30613;8;2022;28/08/2022;1818;2022;BARUERI;DDMBARUERI;DEL.SEC.CARAPICUIBA;DEMACRO;27/08/2022;21:20:00;Residencia;DAVEDAÇaODADIVULGAÇaODOSDADOSRELATIVOS;Vitima;Feminino;46.0;17/03/1976;Parda;OUTROS
DEMACRO;SECCarapicuiba;PiraporadoBomJesus;DM-PiraporadoBomJesus;1;30415;8;2022;08/08/2022;1886;2022;SANTANADEPARNAIBA;DEL.POL.SANTANADEPARNAIBA;DEL.SEC.CARAPICUIBA;DEMACRO;08/08/2022;00:15:00;Viapublica;RUAPARANA;Vitima;Feminino;49.0;05/02/1973;Parda;Não informado
DEMACRO;SECGuarulhos;Guarulhos;007DP-Guarulhos;1;30208;8;2022;19/08/2022;493;2022;GUARULHOS;03ºD.P.GUARULHOS;DEL.SEC.GUARULHOS;DEMACRO;18/08/2022;23:15:00;Residencia;DAVEDAÇaODADIVULGAÇaODOSDADOSRELATIVOS;Vitima;Feminino;38.0;22/11/1983;Parda;Não informado
DEMACRO;SECSaoBernardoCampo;SaoBernardodoCampo;003DP-SaoBernardodoCampo;1;30111;8;2022;11/08/2022;3623;2022;S.BERNARDODOCAMPO;03ºD.P.S.BERNARDODOCAMPO;DEL.SEC.S.BERNARDODOCAMPO;DEMACRO;10/08/2022;20:13:00;Restauranteeafins;RUAMARIOMISSIROLI;Vitima;Feminino;61.0;18/06/1961;Branca;Não informado
DEMACRO;SECTaboaodaSerra;TaboaodaSerra;002DP-TaboaodaSerra;1;30616;8;2022;31/08/2022;1191;2022;TABOAODASERRA;02ºD.P.TABOaODASERRA;DEL.SEC.TABOaODASERRA;DEMACRO;31/08/2022;08:00:00;Viapublica;RUAJOAQUIMLUCASFILHO;Vitima;Feminino;42.0;12/11/1979;Parda;Não informado
DECAP;1ªSEC;SaoPaulo;077DP-SantaCecilia;1;10109;9;2022;13/09/2022;3038;2022;S.PAULO;01ªDDMCENTRO;DEL.SEC.1ºCENTRO;DECAP;12/09/2022;21:45:00;CondominioResidencial;DAVEDAÇaODADIVULGAÇaODOSDADOSRELATIVOS;Vitima;Feminino;48.0;02/10/1973;Parda;EMPREGADODOMESTICO
DECAP;3ªSEC;SaoPaulo;087DP-VilaPereiraBarreto;1;20113;9;2022;08/09/2022;5195;2022;S.PAULO;13ºD.P.CASAVERDE;DEL.SEC.4ºNORTE;DECAP;08/09/2022;03:27:00;Residencia;DAVEDAÇaODADIVULGAÇaODOSDADOSRELATIVOS;Vitima;Feminino;40.0;24/07/1982;Branca;VIGILANTE
DECAP;6ªSEC;SaoPaulo;047DP-CapaoRedondo;1;10247;9;2022;12/09/2022;7570;2022;S.PAULO;47ºD.P.CAPAOREDONDO;DEL.SEC.6ºSANTOAMARO;DECAP;12/09/2022;12:10:00;Residencia;DAVEDAÇaODADIVULGAÇaODOSDADOSRELATIVOS;Vitima;Feminino;18.0;14/02/2004;Parda;DESEMPREGADO(A)
DECAP;8ªSEC;SaoPaulo;055DP-ParqueSaoRafael;1;20249;9;2022;17/09/2022;7965;2022;S.PAULO;49ºD.P.SAOMATEUS;DEL.SEC.8ºSAOMATEUS;DECAP;17/09/2022;19:10:00;Residencia;DAVEDAÇaODADIVULGAÇaODOSDADOSRELATIVOS;Vitima;Feminino;39.0;20/09/1982;Parda;OUTROS
DEINTER2;SECBragançaPaulista;Pinhalzinho;DM-Pinhalzinho;1;70929;9;2022;11/09/2022;3884;2022;BRAGANCAPAULISTA;DEL.SEC.BRAGANÇAPTAPLANTaO;DEL.SEC.BRAGANÇAPAULISTA;DEINTER2-CAMPINAS;11/09/2022;09:51:00;Unidaderural;RODOVIASP008;Vitima;Feminino;52.0;11/02/1970;Parda;Não informado
DEINTER3;SECFranca;Pedregulho;DM-Pedregulho;1;100312;9;2022;02/09/2022;507;2022;PEDREGULHO;DEL.POL.PEDREGULHO;DEL.SEC.FRANCA;DEINTER3-RIBEIRAOPRETO;02/09/2022;15:30:00;Viapublica;RUAAFONSOPEIXOTOPÍRES;Vitima;Feminino;23.0;30/03/1999;Parda;Não informado
DEINTER3;SECSertaozinho;Pontal;DM-Pontal;1;100414;9;2022;28/09/2022;831;2022;PONTAL;DEL.POL.PONTAL;DEL.SEC.SERTaOZINHO;DEINTER3-RIBEIRAOPRETO;27/09/2022;14:35:00;Viapublica;RUAANANIASDACOSTAFREITAS(DROGARIA1;Vitima;Feminino;29.0;12/08/1993;Parda;Não informado
DEINTER5;SECFernandopolis;Fernandopolis;002DP-Fernandopolis;1;110615;9;2022;01/09/2022;325;2022;FERNANDOPOLIS;DISE-DEL.SEC.FERNANDÓPOLIS;DEL.SEC.FERNANDÓPOLIS;DEINTER5-SAOJOSEDORIOPRETO;31/08/2022;10:00:00;Residencia;DAVEDAÇaODADIVULGAÇaODOSDADOSRELATIVOS;Vitima;Feminino;28.0;03/09/1993;Parda;Não informado
DEINTER7;SECSorocaba;AraçoiabadaSerra;DM-AraçoibadaSerra;1;120609;9;2022;07/09/2022;2331;2022;TATUI;DEL.POL.PLANTaOTATUI;DEL.SEC.ITAPETININGA;DEINTER7-SOROCABA;07/09/2022;03:15:00;Residencia;DAVEDAÇaODADIVULGAÇaODOSDADOSRELATIVOS;Vitima;Feminino;36.0;15/08/1986;Branca;Não informado
DEMACRO;SECCarapicuiba;Barueri;002DP-Barueri;1;30613;9;2022;03/09/2022;1860;2022;BARUERI;DDMBARUERI;DEL.SEC.CARAPICUIBA;DEMACRO;03/09/2022;08:08:00;Viapublica;RUAJOSÉMARTINHO;Vitima;Feminino;28.0;03/04/1994;Parda;OUTROS
DEMACRO;SECGuarulhos;Guarulhos;007DP-Guarulhos;1;30217;9;2022;23/09/2022;3066;2022;GUARULHOS;07ºD.P.GUARULHOS;DEL.SEC.GUARULHOS;DEMACRO;23/09/2022;04:18:00;Residencia;DAVEDAÇaODADIVULGAÇaODOSDADOSRELATIVOS;Vitima;Feminino;54.0;28/01/1968;Parda;Não informado
DEMACRO;SECMogidasCruzes;Suzano;001DP-Suzano;1;30309;9;2022;17/09/2022;3752;2022;SUZANO;DEL.POL.SUZANO;DEL.SEC.MOGIDASCRUZES;DEMACRO;17/09/2022;07:19:00;Residencia;DAVEDAÇaODADIVULGAÇaODOSDADOSRELATIVOS;Vitima;Feminino;28.0;06/11/1993;Branca;Não informado
DEMACRO;SECOsasco;Osasco;010DP-Osasco;1;30418;9;2022;10/09/2022;4975;2022;OSASCO;05ºD.P.OSASCO;DEL.SEC.OSASCO;DEMACRO;10/09/2022;08:19:00;Residencia;DAVEDAÇaODADIVULGAÇaODOSDADOSRELATIVOS;Vitima;Feminino;39.0;23/08/1983;Branca;PRENDASDOMESTICAS
DECAP;6ªSEC;SaoPaulo;047DP-CapaoRedondo;1;10247;10;2022;09/10/2022;8122;2022;S.PAULO;47ºD.P.CAPAOREDONDO;DEL.SEC.6ºSANTOAMARO;DECAP;08/10/2022;22:02:00;Residencia;DAVEDAÇaODADIVULGAÇaODOSDADOSRELATIVOS;Vitima;Feminino;21.0;07/01/2001;Parda;Não informado
DECAP;6ªSEC;SaoPaulo;047DP-CapaoRedondo;1;10247;10;2022;09/10/2022;8122;2022;S.PAULO;47ºD.P.CAPAOREDONDO;DEL.SEC.6ºSANTOAMARO;DECAP;08/10/2022;22:02:00;Residencia;DAVEDAÇaODADIVULGAÇaODOSDADOSRELATIVOS;Vitima;Feminino;33.0;01/04/1989;Parda;Não informado
DECAP;6ªSEC;SaoPaulo;100DP-JardimHerculano;1;10247;10;2022;16/10/2022;8269;2022;S.PAULO;47ºD.P.CAPAOREDONDO;DEL.SEC.6ºSANTOAMARO;DECAP;15/10/2022;18:00:00;Residencia;DAVEDAÇaODADIVULGAÇaODOSDADOSRELATIVOS;Vitima;Feminino;62.0;19/01/1960;Parda;Não informado
DECAP;7ªSEC;SaoPaulo;103DP-CohabItaquera;1;10326;10;2022;16/10/2022;6319;2022;S.PAULO;63ºD.P.VILAJACUI;DEL.SEC.7ºITAQUERA;DECAP;16/10/2022;06:57:00;Residencia;DAVEDAÇaODADIVULGAÇaODOSDADOSRELATIVOS;Vitima;Feminino;27.0;31/03/1995;Branca;Não informado
DECAP;8ªSEC;SaoPaulo;049DP-SaoMateus;1;20249;10;2022;20/10/2022;9131;2022;S.PAULO;49ºD.P.SAOMATEUS;DEL.SEC.8ºSAOMATEUS;DECAP;20/10/2022;02:00:00;Viapublica;AvenidaRaguebChohfi;Vitima;Feminino;20.0;16/11/2001;Parda;Não informado
DECAP;8ªSEC;SaoPaulo;053DP-ParquedoCarmo;1;10353;10;2022;18/10/2022;5727;2022;S.PAULO;53ºD.P.PARQUEDOCARMO;DEL.SEC.8ºSAOMATEUS;DECAP;17/10/2022;22:51:00;Residencia;DAVEDAÇaODADIVULGAÇaODOSDADOSRELATIVOS;Vitima;Feminino;38.0;21/04/1984;Parda;Não informado
DEINTER1;SECGuaratingueta;Potim;DM-Potim;1;130201;10;2022;15/10/2022;2211;2022;APARECIDA;DEL.POL.APARECIDA;DEL.SEC.GUARATINGUETA;DEINTER1-SAOJOSEDOSCAMPOS;15/10/2022;09:00:00;Residencia;DAVEDAÇaODADIVULGAÇaODOSDADOSRELATIVOS;Vitima;Feminino;36.0;16/09/1986;Branca;COZINHEIRO(A)
DEINTER1;SECSaoSebastiao;Ubatuba;DM-Ubatuba;1;40304;10;2022;10/10/2022;3023;2022;UBATUBA;DEL.POL.UBATUBA;DEL.SEC.S.SEBASTIAO;DEINTER1-SAOJOSEDOSCAMPOS;09/10/2022;22:30:00;Residencia;DAVEDAÇaODADIVULGAÇaODOSDADOSRELATIVOS;Vitima;Feminino;43.0;30/09/1979;Branca;Não informado
DEINTER3;SECRibeiraoPreto;RibeiraoPreto;001DP-RibeiraoPreto;1;100919;10;2022;16/10/2022;9745;2022;RIBEIRAOPRETO;CPJRIBEIRAOPRETO;DEL.SEC.RIBEIRAOPRETO;DEINTER3-RIBEIRAOPRETO;16/10/2022;01:26:00;Residencia;DAVEDAÇaODADIVULGAÇaODOSDADOSRELATIVOS;Vitima;Feminino;38.0;07/11/1983;Parda;TECNICO(A)
DEINTER3;SECSaoCarlos;SaoCarlos;001DP-SaoCarlos;1;100911;10;2022;28/10/2022;3316;2022;S.CARLOS;DEL.SEC.SaOCARLOSPLANTaO;DEL.SEC.SAOCARLOS;DEINTER3-RIBEIRAOPRETO;27/10/2022;19:45:00;Areanaoocupada;SP-318;Vitima;Feminino;62.0;19/04/1960;Parda;Não informado
DEINTER6;SECItanhaem;Itanhaem;003DP-Itanhaem;1;42428;10;2022;05/10/2022;1479;2022;ITANHAEM;DEL.SEC.ITANHAEMPLANTaO;DEL.SEC.ITANHAEM;DEINTER6-SANTOS;05/10/2022;02:11:00;Residencia;DAVEDAÇaODADIVULGAÇaODOSDADOSRELATIVOS;Vitima;Feminino;48.0;22/07/1974;Parda;Não informado
DEINTER7;SECSorocaba;Ibiuna;DM-Ibiuna;1;120505;10;2022;09/10/2022;2743;2022;IBIUNA;DEL.POL.IBIÚNA;DEL.SEC.SOROCABA;DEINTER7-SOROCABA;08/10/2022;18:09:00;Residencia;DAVEDAÇaODADIVULGAÇaODOSDADOSRELATIVOS;Vitima;Feminino;63.0;01/01/1959;Parda;OUTROS
DEINTER8;SECPresidenteVenceslau;TeodoroSampaio;DM-TeodoroSampaio;1;90308;10;2022;05/10/2022;997;2022;TEODOROSAMPAIO;DEL.POL.TEODOROSAMPAIO;DEL.SEC.PRESIDENTEVENCESLAU;DEINTER8-PRESIDENTEPRUDENTE;05/10/2022;EMHORAINCERTA;Residencia;DAVEDAÇaODADIVULGAÇaODOSDADOSRELATIVOS;Vitima;Feminino;18.0;10/05/2004;Branca;Não informado
DEINTER9;SECRioClaro;RioClaro;003DP-RioClaro;1;70615;10;2022;19/10/2022;1046;2022;RIOCLARO;DDMRIOCLARO;DEL.SEC.RIOCLARO;DEINTER9-PIRACICABA;19/10/2022;09:07:00;Residencia;DAVEDAÇaODADIVULGAÇaODOSDADOSRELATIVOS;Vitima;Feminino;33.0;01/01/1989;Branca;Não informado
DEMACRO;SECDiadema;Diadema;004DP-Diadema;1;30127;10;2022;16/10/2022;3956;2022;DIADEMA;03ºD.P.DIADEMA;DEL.SEC.DIADEMA;DEMACRO;15/10/2022;21:05:00;Residencia;DAVEDAÇaODADIVULGAÇaODOSDADOSRELATIVOS;Vitima;Feminino;28.0;19/10/1993;Preta;Não informado
DEMACRO;SECGuarulhos;Guarulhos;004DP-Guarulhos;1;30212;10;2022;15/10/2022;5131;2022;GUARULHOS;04ºD.P.GUARULHOS;DEL.SEC.GUARULHOS;DEMACRO;15/10/2022;14:06:00;Residencia;DAVEDAÇaODADIVULGAÇaODOSDADOSRELATIVOS;Vitima;Feminino;32.0;09/11/1989;Branca;Não informado
DEMACRO;SECMogidasCruzes;Itaquaquecetuba;DM-Itaquaquecetuba;1;30304;10;2022;03/10/2022;4657;2022;ITAQUAQUECETUBA;DEL.POL.ITAQUAQUECETUBA;DEL.SEC.MOGIDASCRUZES;DEMACRO;02/10/2022;13:00:00;Residencia;DAVEDAÇaODADIVULGAÇaODOSDADOSRELATIVOS;Vitima;Feminino;40.0;22/04/1982;Branca;Não informado
DEMACRO;SECMogidasCruzes;Itaquaquecetuba;DM-Itaquaquecetuba;1;30304;10;2022;08/10/2022;4741;2022;ITAQUAQUECETUBA;DEL.POL.ITAQUAQUECETUBA;DEL.SEC.MOGIDASCRUZES;DEMACRO;08/10/2022;04:20:00;Residencia;DAVEDAÇaODADIVULGAÇaODOSDADOSRELATIVOS;Vitima;Feminino;35.0;12/03/1987;Preta;Não informado
DEMACRO;SECMogidasCruzes;MogidasCruzes;002DP-MogidasCruzes;1;30638;10;2022;12/10/2022;2469;2022;MOGIDASCRUZES;DEL.SEC.MOGICRUZESPLANTaO;DEL.SEC.MOGIDASCRUZES;DEMACRO;11/10/2022;23:47:00;Viapublica;AVENIDAJULIOSIMÕES;Vitima;Feminino;22.0;02/09/2000;Preta;OUTROS
DEMACRO;SECTaboaodaSerra;EmbudasArtes;001DP-Embu;1;270107;10;2022;27/10/2022;1100;2022;EMBU;DDMEMBUDASARTES;DEL.SEC.TABOaODASERRA;DEMACRO;27/10/2022;16:42:00;Residencia;DAVEDAÇaODADIVULGAÇaODOSDADOSRELATIVOS;Vitima;Feminino;27.0;20/06/1995;Parda;DESEMPREGADO
DEMACRO;SECTaboaodaSerra;TaboaodaSerra;002DP-TaboaodaSerra;1;30614;10;2022;22/10/2022;3296;2022;TABOAODASERRA;01ºD.P.TABOaODASERRA;DEL.SEC.TABOaODASERRA;DEMACRO;22/10/2022;05:40:00;Residencia;DAVEDAÇaODADIVULGAÇaODOSDADOSRELATIVOS;Vitima;Feminino;25.0;14/03/1997;Parda;Não informado
DECAP;4ªSEC;SaoPaulo;073DP-Jaçana;1;10336;11;2022;01/11/2022;8246;2022;S.PAULO;73ºD.P.JACANA;DEL.SEC.4ºNORTE;DECAP;31/10/2022;19:38:00;Hospedagem;RETORNORODOVIAFERNAODIAS;Vitima;Feminino;27.0;19/03/1995;Branca;AUXILIARADMINISTRATIVO
DECAP;6ªSEC;SaoPaulo;047DP-CapaoRedondo;1;10247;11;2022;18/11/2022;8835;2022;S.PAULO;47ºD.P.CAPAOREDONDO;DEL.SEC.6ºSANTOAMARO;DECAP;18/11/2022;10:45:00;Viapublica;RUATAVORA;Vitima;Feminino;45.0;02/05/1977;Parda;NAOINFORMADA
DECAP;8ªSEC;SaoPaulo;053DP-ParquedoCarmo;1;10353;11;2022;27/11/2022;6465;2022;S.PAULO;53ºD.P.PARQUEDOCARMO;DEL.SEC.8ºSAOMATEUS;DECAP;27/11/2022;06:00:00;Viapublica;RuaItaliaGiusti;Vitima;Feminino;26.0;19/09/1996;Parda;Não informado
DECAP;8ªSEC;SaoPaulo;069DP-TeotonioVilela;1;10362;11;2022;14/11/2022;6731;2022;S.PAULO;69ºD.P.TEOTONIOVILELA;DEL.SEC.8ºSAOMATEUS;DECAP;14/11/2022;09:20:00;Residencia;DAVEDAÇaODADIVULGAÇaODOSDADOSRELATIVOS;Vitima;Feminino;31.0;03/05/1991;Parda;Não informado
DEINTER1;SECSaoSebastiao;SaoSebastiao;004DP-SaoSebastiao;1;40306;11;2022;09/11/2022;2129;2022;S.SEBASTIAO;02ºD.P.S.SEBASTIAO;DEL.SEC.S.SEBASTIAO;DEINTER1-SAOJOSEDOSCAMPOS;09/11/2022;16:34:00;Residencia;DAVEDAÇaODADIVULGAÇaODOSDADOSRELATIVOS;Vitima;Feminino;80.0;11/04/1942;Branca;Não informado
DEINTER10;SECAraçatuba;Araçatuba;002DP-Araçatuba;1;50222;11;2022;09/11/2022;4068;2022;ARACATUBA;03ºD.P.ARAÇATUBA;DEL.SEC.ARACATUBA;DEINTER10-ARAÇATUBA;08/11/2022;20:51:00;Comercioeserviços;RUAALMIRANTEBARROSO;Vitima;Feminino;19.0;19/11/2002;Branca;ATENDENTE
DEINTER2;SECBragançaPaulista;BragançaPaulista;003DP-BragançaPta.;1;70121;11;2022;30/11/2022;720;2022;BRAGANCAPAULISTA;DDMBRAGANÇAPAULISTA;DEL.SEC.BRAGANÇAPAULISTA;DEINTER2-CAMPINAS;30/11/2022;14:00:00;Residencia;DAVEDAÇaODADIVULGAÇaODOSDADOSRELATIVOS;Vitima;Feminino;23.0;25/04/1999;Parda;Não informado
DEINTER2;SECJundiai;Jundiai;005DP-Jundiai;1;70419;11;2022;09/11/2022;1141;2022;JUNDIAI;05ºD.P.JUNDIAI;DEL.SEC.JUNDIAI;DEINTER2-CAMPINAS;08/11/2022;08:10:00;Viapublica;AVENIDAPRESBÍTEROMANOELANTÔNIODIASF;Vitima;Feminino;34.0;02/03/1988;Parda;Não informado
DEINTER3;SECRibeiraoPreto;RibeiraoPreto;003DP-RibeiraoPreto;1;100919;11;2022;07/11/2022;10519;2022;RIBEIRAOPRETO;CPJRIBEIRAOPRETO;DEL.SEC.RIBEIRAOPRETO;DEINTER3-RIBEIRAOPRETO;06/11/2022;19:40:00;Residencia;DAVEDAÇaODADIVULGAÇaODOSDADOSRELATIVOS;Vitima;Feminino;34.0;25/03/1988;Preta;Não informado
DEINTER3;SECSaoCarlos;SaoCarlos;002DP-SaoCarlos;1;100911;11;2022;04/11/2022;3397;2022;S.CARLOS;DEL.SEC.SaOCARLOSPLANTaO;DEL.SEC.SAOCARLOS;DEINTER3-RIBEIRAOPRETO;04/11/2022;16:30:00;Viapublica;RuaAntonioLuizZanquin;Vitima;Feminino;29.0;08/11/1992;Branca;Não informado
DEINTER4;SECLins;Lins;003DP-Lins;1;60405;11;2022;25/11/2022;6585;2022;LINS;CPJLINS;DEL.SEC.LINS;DEINTER4-BAURU;25/11/2022;11:36:00;Residencia;DAVEDAÇaODADIVULGAÇaODOSDADOSRELATIVOS;Vitima;Feminino;26.0;28/03/1996;Parda;Não informado
DEINTER4;SECOurinhos;SantaCruzdoRioPardo;DM-Sta.CruzdoRioPardo;1;80505;11;2022;01/12/2022;3290;2022;S.CRUZDORIOPARDO;DEL.SEC.OURINHOSPLANTaO;DEL.SEC.OURINHOS;DEINTER4-BAURU;30/11/2022;17:03:00;Residencia;DAVEDAÇaODADIVULGAÇaODOSDADOSRELATIVOS;Vitima;Feminino;31.0;27/03/1991;Branca;Não informado
DEINTER6;SECSantos;Bertioga;DM-Bertioga;1;40003;11;2022;30/11/2022;259;2022;SANTOS;3ªHOMICIDIOS-DEIC-DEINTER6;DEIC-DEINTER6;DEINTER6-SANTOS;29/11/2022;ATARDE;Areanaoocupada;AlamedaIguaçu;Vitima;Feminino;45.0;18/06/1977;Parda;Não informado
DEINTER7;SECSorocaba;Sorocaba;009DP-Sorocaba;1;120607;11;2022;17/11/2022;5346;2022;SOROCABA;PLANTaODESOROCABA-Z.NORTE;DEL.SEC.SOROCABA;DEINTER7-SOROCABA;16/11/2022;19:50:00;Residencia;DAVEDAÇaODADIVULGAÇaODOSDADOSRELATIVOS;Vitima;Feminino;33.0;01/11/1989;Parda;Não informado
DEINTER7;SECSorocaba;Sorocaba;009DP-Sorocaba;1;120607;11;2022;17/11/2022;5346;2022;SOROCABA;PLANTaODESOROCABA-Z.NORTE;DEL.SEC.SOROCABA;DEINTER7-SOROCABA;16/11/2022;19:50:00;Residencia;DAVEDAÇaODADIVULGAÇaODOSDADOSRELATIVOS;Vitima;Feminino;11.0;26/12/2010;Parda;Não informado
DEINTER7;SECSorocaba;Sorocaba;009DP-Sorocaba;1;120607;11;2022;17/11/2022;5346;2022;SOROCABA;PLANTaODESOROCABA-Z.NORTE;DEL.SEC.SOROCABA;DEINTER7-SOROCABA;16/11/2022;19:50:00;Residencia;DAVEDAÇaODADIVULGAÇaODOSDADOSRELATIVOS;Vitima;Feminino;13.0;19/12/2008;Parda;Não informado
DEINTER8;SECAssis;Palmital;DM-Palmital;1;80116;11;2022;14/11/2022;1101;2022;PALMITAL;DEL.POL.PALMITAL;DEL.SEC.ASSIS;DEINTER8-PRESIDENTEPRUDENTE;13/11/2022;23:00:00;Residencia;DAVEDAÇaODADIVULGAÇaODOSDADOSRELATIVOS;Vitima;Feminino;22.0;23/03/2000;Branca;Não informado
DEINTER8;SECPresidenteVenceslau;EuclidesdaCunhaPaulista;DM-EuclidesdaCunhaPta.;1;90309;11;2022;06/11/2022;197;2022;EUCLIDESDACUNHAPTA;DEL.POL.EUCLIDESDACUNHAPTA;DEL.SEC.PRESIDENTEVENCESLAU;DEINTER8-PRESIDENTEPRUDENTE;06/11/2022;DEMADRUGADA;Residencia;DAVEDAÇaODADIVULGAÇaODOSDADOSRELATIVOS;Vitima;Feminino;27.0;28/08/1995;Branca;Não informado
DEINTER9;SECLimeira;Cordeiropolis;DM-Cordeiropolis;1;70806;11;2022;25/11/2022;1695;2022;CORDEIROPOLIS;DEL.POL.CORDEIRÓPOLIS;DEL.SEC.LIMEIRA;DEINTER9-PIRACICABA;25/11/2022;16:00:00;Residencia;DAVEDAÇaODADIVULGAÇaODOSDADOSRELATIVOS;Vitima;Feminino;26.0;05/11/1996;Branca;Não informado
DEINTER9;SECPiracicaba;Piracicaba;002DP-Piracicaba;1;70538;11;2022;30/11/2022;1585;2022;PIRACICABA;DDMPIRACICABA;DEL.SEC.PIRACICABA;DEINTER9-PIRACICABA;29/11/2022;13:15:00;Hospedagem;AvenidaIndependencia;Vitima;Feminino;33.0;26/02/1989;Branca;Não informado
DEMACRO;SECCarapicuiba;VargemGrandePaulista;DM-VargemGrandePaulista;1;30403;11;2022;20/11/2022;5612;2022;COTIA;DEL.POL.COTIA;DEL.SEC.CARAPICUIBA;DEMACRO;19/11/2022;23:01:00;Viapublica;RUASOLIMÕES;Vitima;Feminino;42.0;24/05/1980;Branca;OUTROS
DEMACRO;SECOsasco;Osasco;002DP-Osasco;1;30418;11;2022;05/11/2022;6061;2022;OSASCO;05ºD.P.OSASCO;DEL.SEC.OSASCO;DEMACRO;05/11/2022;07:50:00;Residencia;DAVEDAÇaODADIVULGAÇaODOSDADOSRELATIVOS;Vitima;Feminino;27.0;22/09/1995;Branca;Não informado
DECAP;1ªSEC;SaoPaulo;005DP-Aclimaçao;1;10109;12;2022;14/12/2022;4166;2022;S.PAULO;01ªDDMCENTRO;DEL.SEC.1ºCENTRO;DECAP;04/12/2022;13:30:00;Residencia;DAVEDAÇaODADIVULGAÇaODOSDADOSRELATIVOS;Vitima;Feminino;22.0;16/01/2000;Parda;FAXINEIRO(A)
DECAP;4ªSEC;SaoPaulo;074DP-Jaragua;1;20103;12;2022;19/12/2022;5109;2022;S.PAULO;04ªDDMNORTE;DEL.SEC.4ºNORTE;DECAP;19/12/2022;13:50:00;Residencia;DAVEDAÇaODADIVULGAÇaODOSDADOSRELATIVOS;Vitima;Feminino;25.0;25/11/1997;Branca;Não informado
DECAP;5ªSEC;SaoPaulo;042DP-ParqueSaoLucas;1;10310;12;2022;21/12/2022;5916;2022;S.PAULO;56ºD.P.VILAALPINA;DEL.SEC.5ºLESTE;DECAP;20/12/2022;21:59:00;Viapublica;RuaCostaBarros;Vitima;Feminino;34.0;22/09/1988;Branca;AUXILIARDELIMPEZA
DECAP;6ªSEC;SaoPaulo;047DP-CapaoRedondo;1;10247;12;2022;05/12/2022;9142;2022;S.PAULO;47ºD.P.CAPAOREDONDO;DEL.SEC.6ºSANTOAMARO;DECAP;04/12/2022;22:17:00;Viapublica;RUALUISDEOLIVEIRA;Vitima;Feminino;21.0;20/05/2001;Parda;ATENDENTEDETELEMARKETING
DECAP;7ªSEC;SaoPaulo;063DP-VilaJacui;1;10326;12;2022;10/12/2022;7585;2022;S.PAULO;63ºD.P.VILAJACUI;DEL.SEC.7ºITAQUERA;DECAP;09/12/2022;20:13:00;Comercioeserviços;RUADAPAZ;Vitima;Feminino;26.0;16/08/1996;Parda;CABELEIREIRO(A)
DECAP;8ªSEC;SaoPaulo;055DP-ParqueSaoRafael;1;20249;12;2022;11/12/2022;11014;2022;S.PAULO;49ºD.P.SAOMATEUS;DEL.SEC.8ºSAOMATEUS;DECAP;11/12/2022;06:50:00;Residencia;DAVEDAÇaODADIVULGAÇaODOSDADOSRELATIVOS;Vitima;Feminino;26.0;28/04/1996;Preta;Não informado
DEINTER2;SECMogi-Guaçu;MogiMirim;003DP-MogiMirim;1;70930;12;2022;07/12/2022;8073;2022;MOGI-GUACU;DEL.SEC.MOGIGUAÇUPLANTaO;DEL.SEC.MOGIGUAÇU;DEINTER2-CAMPINAS;07/12/2022;16:53:00;Residencia;DAVEDAÇaODADIVULGAÇaODOSDADOSRELATIVOS;Vitima;Feminino;49.0;06/10/1973;Branca;Não informado
DEINTER3;SECAraraquara;Araraquara;003DP-Araraquara;1;100908;12;2022;18/12/2022;8028;2022;ARARAQUARA;DEL.SEC.ARARAQUARAPLANTaO;DEL.SEC.ARARAQUARA;DEINTER3-RIBEIRAOPRETO;18/12/2022;ANOITE;Residencia;DAVEDAÇaODADIVULGAÇaODOSDADOSRELATIVOS;Vitima;Feminino;39.0;24/03/1983;Parda;Não informado
DEINTER3;SECBebedouro;Taiuva;DM-Taiuva;1;100213;12;2022;30/12/2022;1;2023;TAIUVA;DEL.POL.TAIUVA;DEL.SEC.BEBEDOURO;DEINTER3-RIBEIRAOPRETO;26/12/2022;04:55:00;Residencia;DAVEDAÇaODADIVULGAÇaODOSDADOSRELATIVOS;Vitima;Feminino;42.0;07/07/1980;Branca;DESEMPREGADO(A)
DEINTER3;SECSertaozinho;MonteAlto;DM-MonteAlto;1;100605;12;2022;13/12/2022;107;2022;MONTEALTO;DDMMONTEALTO;DEL.SEC.SERTaOZINHO;DEINTER3-RIBEIRAOPRETO;13/12/2022;10:30:00;Viapublica;RuaGuidoMatioli;Vitima;Feminino;39.0;26/12/1982;Branca;BALCONISTA
DEINTER5;SECCatanduva;Catanduva;004DP-Catanduva;1;110708;12;2022;04/12/2022;7300;2022;CATANDUVA;DEL.SEC.CATANDUVAPLANTaO;DEL.SEC.CATANDUVA;DEINTER5-SAOJOSEDORIOPRETO;04/12/2022;11:05:00;Viapublica;RUAAMAPA;Vitima;Feminino;46.0;19/06/1976;Branca;Não informado
DEINTER5;SECVotuporanga;Riolandia;DM-Riolandia;1;110521;12;2022;15/12/2022;495;2022;RIOLANDIA;DEL.POL.RIOLANDIA;DEL.SEC.VOTUPORANGA;DEINTER5-SAOJOSEDORIOPRETO;15/12/2022;11:30:00;Residencia;DAVEDAÇaODADIVULGAÇaODOSDADOSRELATIVOS;Vitima;Feminino;54.0;02/01/1968;Branca;Não informado
DEINTER7;SECSorocaba;Sorocaba;008DP-Sorocaba;1;120556;12;2022;30/12/2022;2;2023;SOROCABA;PLANTaO-DEFMULHSOROCABA;DEL.SEC.SOROCABA;DEINTER7-SOROCABA;29/12/2022;23:00:00;Residencia;DAVEDAÇaODADIVULGAÇaODOSDADOSRELATIVOS;Vitima;Feminino;57.0;18/07/1965;Branca;AUXILIARDELIMPEZA
DEINTER7;SECSorocaba;Sorocaba;011DP-Sorocaba;1;120524;12;2022;01/12/2022;1674;2022;SOROCABA;DDMSOROCABA;DEL.SEC.SOROCABA;DEINTER7-SOROCABA;01/12/2022;DEMADRUGADA;Residencia;DAVEDAÇaODADIVULGAÇaODOSDADOSRELATIVOS;Vitima;Feminino;41.0;05/08/1981;Branca;EMPREGADODOMESTICO
DEINTER8;SECPresidentePrudente;Pirapozinho;DM-Pirapozinho;1;90210;12;2022;19/12/2022;1689;2022;PIRAPOZINHO;DEL.POL.PIRAPOZINHO;DEL.SEC.PRESIDENTEPRUDENTE;DEINTER8-PRESIDENTEPRUDENTE;19/12/2022;07:00:00;Residencia;DAVEDAÇaODADIVULGAÇaODOSDADOSRELATIVOS;Vitima;Feminino;71.0;16/09/1951;Branca;APOSENTADO(A)
DEMACRO;SECGuarulhos;Guarulhos;004DP-Guarulhos;1;30212;12;2022;09/12/2022;5983;2022;GUARULHOS;04ºD.P.GUARULHOS;DEL.SEC.GUARULHOS;DEMACRO;09/12/2022;12:30:00;Saude;RuaSaoJosedoParaiso;Vitima;Feminino;28.0;18/08/1994;Parda;Não informado
DEMACRO;SECGuarulhos;Guarulhos;006DP-Guarulhos;1;30216;12;2022;07/12/2022;828;2022;GUARULHOS;06ºD.P.GUARULHOS;DEL.SEC.GUARULHOS;DEMACRO;07/12/2022;11:16:00;Viapublica;RUAFONTEBOA;Vitima;Feminino;37.0;08/12/1984;Parda;OUTROS
DEMACRO;SECGuarulhos;Guarulhos;009DP-Guarulhos;1;30217;12;2022;28/12/2022;4172;2022;GUARULHOS;07ºD.P.GUARULHOS;DEL.SEC.GUARULHOS;DEMACRO;28/12/2022;DEMADRUGADA;Residencia;DAVEDAÇaODADIVULGAÇaODOSDADOSRELATIVOS;Vitima;Feminino;28.0;21/06/1994;Parda;Não informado
DEMACRO;SECMogidasCruzes;FerrazdeVasconcelos;001DP-FerrazdeVasconcelos;1;30302;12;2022;29/12/2022;3650;2022;FERRAZDEVASCONCELOS;DEL.POL.FERRAZDEVASCONCELOS;DEL.SEC.MOGIDASCRUZES;DEMACRO;28/12/2022;21:17:00;Residencia;DAVEDAÇaODADIVULGAÇaODOSDADOSRELATIVOS;Vitima;Feminino;2.0;01/09/2020;Parda;Não informado
DEMACRO;SECMogidasCruzes;FerrazdeVasconcelos;DM-FerrazdeVasconcelos;1;10353;12;2022;25/12/2022;7010;2022;S.PAULO;53ºD.P.PARQUEDOCARMO;DEL.SEC.MOGIDASCRUZES;DEMACRO;12/12/2022;11:00:00;Residencia;DAVEDAÇaODADIVULGAÇaODOSDADOSRELATIVOS;Vitima;Feminino;23.0;27/11/1999;Branca;Não informado
